Num_Acc;an;mois;jour;hrmn;lum;agg;int;atm;col;com;adr;gps;lat;long;dep
200800011221;8;2;14;850;1;2;3;1;3;105;/, BOULEVARD SAINT MICHE;;;;750
200800011235;8;2;23;1113;1;2;1;1;7;106;08, RUE DES BEAUX ARTS;;;;750
200800011300;8;3;26;1620;1;2;1;1;6;340;:, HERBIN (RUE GEORGES);;;;20
200800011380;8;3;11;1043;1;2;1;1;3;29;11, MIDI (BOULEVARD DU);;;;60
200800011381;8;3;12;740;1;2;1;1;3;29;TONNER (AVENUE FRANCIS);;;;60
200800011557;8;3;9;950;1;2;6;2;6;409;MARNE (AVENUE DE LA);;;;80
200800011565;8;3;7;1615;1;2;6;1;3;343;GAMBETTA (RUE);;;;100
200800011593;8;3;17;1220;1;2;1;1;3;4;LICES BOULEVARD DES;;;;130
200800011623;8;3;3;1735;1;2;1;1;3;55;104, CAPELETTE (AVENUE D;;;;130
200800011763;8;3;25;915;1;2;1;1;3;55;GAYE (TRAVERSE DE LA);;;;130
200800011840;8;3;12;1805;1;2;3;1;3;221;0, PIERROTS (RUE AUX );;;;140
200800011865;8;3;11;1400;1;2;6;1;2;300;REPENTIE   AVENUE DE LA;;;;170
200800011870;8;3;19;1700;1;2;9;1;3;300;CHEMIN VERT   RUE DU;;;;170
200800011888;8;3;7;2100;5;2;1;2;6;415;3, REPUBLIQUE QUAI DE LA;;;;170
200800011896;8;3;15;1510;1;2;1;1;5;33;66, MITTERRAND (AVENUE F;;;;180
200800011926;8;3;4;1345;1;2;7;1;3;231;CORDELIERS (DES) (PLACE);;;;210
200800011969;8;3;29;1530;1;2;2;1;3;278;0, COMBAT-DES-TRENTE (DU;;;;220
200800012003;8;3;7;1735;1;2;6;1;6;281;neant, SAILLANT LOUIS (A;;;;260
200800012019;8;3;5;855;1;2;1;1;3;229;25, JOSEPHINE (RUE);;;;270
200800012036;8;3;18;1815;1;2;4;1;6;85;sans, BAS BOURGS (RUE DE;;;;280
200800012042;8;3;26;1505;1;2;1;2;3;209;sans, LONGSAULT(RUE);;;;280
200800012064;8;3;13;1720;1;2;1;1;6;19;45, PORTE (DE 1 A 75 ET;;;;290
200800012082;8;3;31;2050;2;2;2;1;3;19;., BRUAT (DE 1 A 23 ET 2;;;;290
200800012089;8;3;2;1540;1;2;1;1;6;232;4, DOUVES RUE DES;;;;290
200800012170;8;3;11;1400;1;2;1;2;6;555;8, RUE DU POIDS DE L HUI;;;;310
200800012201;8;3;22;1410;1;2;1;2;3;555;25, RUE DE LA VENDEE;;;;310
200800012205;8;3;25;1214;1;2;1;2;3;555;58, ALL CHARLES DE FITTE;;;;310
200800012208;8;3;25;1925;2;2;1;2;2;555;999, RTE D ESPAGNE;;;;310
200800012218;8;3;31;2013;2;2;1;1;6;555;999, AV PAUL SEJOURNE;;;;310
200800012226;8;3;9;1335;1;2;6;2;2;557;SERMENT DE KOUFRA (RD-PT;;;;310
200800012241;8;3;3;1930;5;2;1;2;3;63;53, RUE FONDAUDEGE;;;;330
200800012251;8;3;2;1140;1;2;3;1;3;281;AVE FRAN€OIS MITTERRAND;;;;330
200800012261;8;3;13;850;1;2;2;2;3;63;RUE LAMOUROUS;;;;330
200800012271;8;3;4;1845;1;2;3;1;3;318;AVE DE COLLEGNO;;;;330
200800012293;8;3;15;1120;1;2;6;1;3;281;AVE DU MARECHAL LECLERC;;;;330
200800012296;8;3;21;2020;5;2;3;1;3;63;RUE PASTEUR CAUD;;;;330
200800012303;8;3;19;730;1;2;1;1;6;550;48, AVE DES PYRENEES;;;;330
200800012317;8;3;31;1020;1;2;1;1;3;63;07, RUE PERE DIEUZAIDE;;;;330
200800012320;8;3;25;2037;5;2;2;1;3;281;AVE GAMBETTA;;;;330
200800012326;8;3;31;2215;5;2;4;1;3;39;RUE LOUIS BLERIOT;;;;330
200800012364;8;3;6;1543;1;2;2;1;3;172;55, PALAVAS (AVENUE DE);;;;340
200800012366;8;3;7;1818;1;2;1;1;7;172;23, JEU DE PAUME (BOULEV;;;;340
200800012367;8;3;6;1535;1;2;3;1;3;172;sans, MONTMORENCY (ALLEE;M;4361020.0;388430.0;340
200800012393;8;3;24;2153;5;2;1;1;7;172;394, MOULARES (CHEMIN DE;;;;340
200800012394;8;3;26;815;1;2;3;1;3;172;sans, UNIVERSITE (RUE DE;;;;340
200800012395;8;3;23;1215;1;2;1;1;3;172;sans, GRABELS (ROUTE DE);;;;340
200800012403;8;3;20;1130;1;2;1;6;3;301;AUCUN, LECLERC PHILIPPE;;;;340
200800012405;8;3;28;1345;1;2;1;1;6;108;aucun, THERMES (RUE DES);;;;340
200800012409;8;3;5;920;1;2;1;1;3;238;00, PREVALAYE (QUAI DE L;;;;350
200800012414;8;3;8;900;1;2;3;1;3;238;47, PREVALAYE (QUAI DE L;;;;350
200800012416;8;3;11;1355;1;2;3;1;6;238;24, LAENNEC (BD RENE);;;;350
200800012419;8;3;13;840;1;2;1;1;2;281;00, TEMPLE-DE-BLOSNE (RU;;;;350
200800012426;8;3;21;845;1;2;3;2;3;238;00, SAINT-THOMAS;;;;350
200800012430;8;3;25;1950;5;2;1;2;7;238;48, VILLEBOIS MAREUIL (B;;;;350
200800012436;8;3;28;1920;1;2;1;6;6;55;46, VERGER (RUE DU);;;;350
200800012444;8;3;14;1800;1;2;9;1;3;288;000, REVENANT (RUE DU);;;;350
200800012445;8;3;11;1130;1;2;6;2;3;288;000, CASTELNEAU (RUE GEN;;;;350
200800012451;8;3;9;1715;1;2;1;1;3;44;ALBERT 1ER(RUE);;;;360
200800012475;8;3;27;1630;1;2;1;1;6;261;3, HEURTELOUP (BOULEVARD;;;;370
200800012476;8;3;27;1725;1;2;1;1;3;261;4, CHURCHILL (BOULEVARD;;;;370
200800012483;8;3;5;1850;5;2;1;1;2;185;00, AVENUE EDMOND ESMONI;;;;380
200800012486;8;3;8;1545;1;2;1;1;3;185;15, ROUTE DE LYON;;;;380
200800012488;8;3;10;835;1;2;1;1;6;185;54, AVENUE FÉLIX VIALLET;;;;380
200800012492;8;3;12;5;5;2;1;1;1;185;00, RUE ALPHAND;;;;380
200800012495;8;3;14;1350;1;1;9;1;3;423;00, AVENUE GÉNÉRAL LECLE;;;;380
200800012502;8;3;19;1250;1;2;2;1;3;185;00, AVENUE PAUL COCAT;;;;380
200800012506;8;3;25;1130;1;2;1;1;6;185;00, RUE LACHMANN;;;;380
200800012512;8;3;8;455;4;2;1;8;3;88;SAINT-VINCENT DE PAUL (A;;;;400
200800012516;8;3;4;1820;1;1;1;1;3;18;SAUSSAYE (QUAI DE LA);;;;410
200800012524;8;3;18;1730;1;2;2;1;3;212;NATIONALE (ROUTE);;;;410
200800012546;8;3;17;715;1;1;1;1;3;170;1, L'EQUARISSAGE (LIEU D;;;;420
200800012605;8;3;13;910;1;2;1;1;6;109;BOULEVARD EMILE GABORY;;;;440
200800012607;8;3;14;1405;1;2;6;1;3;109;., COURS OLIVIER DE CLIS;;;;440
200800012609;8;3;17;930;1;2;2;1;3;109;., RUE DESAIX;;;;440
200800012640;8;3;25;1625;1;2;2;1;2;184;GÂTÉ (RUE DU CDT) DU 01;;;;440
200800012671;8;3;1;2058;5;2;1;1;6;246;0, DAVID D'ANGERS;;;;490
200800012672;8;3;1;1242;1;2;1;1;7;7;0, CORNILLEAU;;;;490
200800012679;8;3;8;1214;1;2;1;1;3;7;0, MARIANNE BOULEVARD;;;;490
200800012683;8;3;12;1707;1;2;2;1;2;246;0, MOULIN MARCILLE CHEMI;;;;490
200800012686;8;3;13;1454;1;2;1;1;7;7;0, BEAUREPAIRE;;;;490
200800012688;8;3;15;2144;5;2;3;2;3;7;0, JEAN XXIII AVENUE;;;;490
200800012692;8;3;18;810;1;2;1;1;1;267;01, GIBAUDIERE;;;;490
200800012695;8;3;21;1602;1;2;2;1;3;7;0, ROI RENE BOULEVARD;;;;490
200800012705;8;3;27;820;1;2;6;1;2;15;MEIGNANNE ROUTE DE LA;;;;490
200800012713;8;3;22;1245;1;2;1;8;3;99;BOIS LAVAU (BOULEVARD DE;;;;490
200800012726;8;3;12;2000;5;2;1;2;7;129;00, FOUACE (RUE GUILLAUM;;;;500
200800012767;8;3;7;1450;1;2;2;8;6;395;1, PONTS (RUE DES 2 A 36;;;;540
200800012777;8;3;13;1140;1;2;3;1;2;395;1, NABECOR (RUE DE);;;;540
200800012808;8;3;29;1258;1;2;3;1;3;121;ALGUES (RUE  DES );;;;560
200800012811;8;3;3;1035;1;2;1;1;7;260;., REPUBLIQUE(PLACE DE L;;;;560
200800012815;8;3;14;1140;1;2;6;1;3;260;GARE(GIRATOIRE DE LA);;;;560
200800012820;8;3;4;800;1;2;1;2;2;260;20, CHURCHILL(RUE WINSTO;;;;560
200800012821;8;3;6;745;1;2;3;1;3;260;., ROHAN(RUE DE);;;;560
200800012824;8;3;12;1030;1;2;2;1;6;260;., PAIX(BLD DE LA) 1 A 3;;;;560
200800012865;8;3;27;1725;1;2;2;1;3;194;SANS, GRANDS CHAMPS;;;;580
200800012872;8;3;5;1735;1;2;3;1;3;616;DENFERT ROCHEREAU (RUE D;;;;590
200800012887;8;3;4;730;1;2;1;2;6;350;01, BEETHOVEN AVENUE;;;;590
200800012891;8;3;5;750;1;2;1;1;1;328;0, PESLIN HIPPOLYTE AVEN;;;;590
200800012896;8;3;7;1030;1;2;2;1;3;9;DECUGIS YVES RUE;;;;590
200800012910;8;3;12;1500;1;2;1;1;6;9;OUEST BOULEVARD DE L;;;;590
200800012911;8;3;12;1415;1;2;1;1;3;350;193, LEGRAND PIERRE RUE;;;;590
200800012923;8;3;19;850;1;2;1;1;6;378;69, QUESNE RUE DU;;;;590
200800012925;8;3;19;1830;1;2;1;1;6;560;BOUVRY ROGER RUE;;;;590
200800012926;8;3;20;1610;1;2;1;2;6;350;49, ISLY RUE;;;;590
200800012941;8;3;27;905;1;2;2;1;3;350;ISLY RUE;;;;590
200800012953;8;3;3;1335;1;1;2;1;3;512;BLANCHEMAILLE (RUE DE);;;;590
200800012975;8;3;21;2030;5;1;2;3;3;367;VERT PRE (RUE DU);;;;590
200800012987;8;3;29;1945;3;1;1;1;1;456;LE CHEMIN NOIR;;;;590
200800012995;8;3;31;1535;1;2;3;1;3;599;PAPIN (CHAUSSEE DENIS);;;;590
200800012998;8;3;4;1640;1;2;2;1;3;606;FAIDHERBE (AVENUE);;;;590
200800012999;8;3;5;545;5;1;1;1;6;447;ZONE ACTIVITE ECONOMIQUE;;;;590
200800013024;8;3;21;1550;1;2;2;1;1;41;, LEGAY ( LOUIS );;;;620
200800013029;8;3;8;1415;1;2;3;1;7;724;185, ITALIENS (BOULEVARD;;;;620
200800013042;8;3;31;1610;1;2;2;1;3;193;GAMBETTA (BOULEVARD);;;;620
200800013066;8;3;31;1035;1;2;3;1;1;757;ROCADE (RUE DE LA ......;;;;620
200800013074;8;3;8;1430;1;2;1;1;3;75;13, RICHELIEU (RUE DE);;;;630
200800013075;8;3;10;1655;1;2;1;1;6;113;-, MOULIN (BD JEAN);;;;630
200800013113;8;3;19;1940;5;2;3;4;3;164;1, FRANCE (RUE ANATOLE);;;;630
200800013120;8;3;7;1424;1;2;6;1;3;102;., SAINT LEON (ROND POIN;;;;640
200800013124;8;3;18;725;1;2;3;1;3;102;., SOULT (AVENUE MARECHA;;;;640
200800013156;8;3;25;855;1;2;6;2;3;445;/, ERIC TABARLY;;;;640
200800013168;8;3;21;1715;1;2;1;3;3;483;14, HABAS MATHIEU OU PER;;;;640
200800013178;8;3;5;1010;1;2;3;1;3;440;., COURBET (RUE AMIRAL);;;;650
200800013180;8;3;14;1210;1;2;6;1;3;440;BASTILLAC (ROND POINT);;;;650
200800013204;8;3;4;1210;2;2;1;2;3;482;35, VICTOIRE (BOULEVARD;;;;670
200800013213;8;3;9;1005;1;2;4;1;3;482;0, ARTHUR RIMBAUD (RUE);;;;670
200800013214;8;3;10;1750;1;2;3;1;6;482;SAINT PIERRE LE JEUNE (P;;;;670
200800013215;8;3;11;1100;1;2;1;1;1;482;0, PAUL JANET (RUE);;;;670
200800013231;8;3;19;857;1;2;3;1;2;482;00, GENERAL UHRICH (RUE;;;;670
200800013232;8;3;19;1817;1;2;1;1;3;447;00, GENERAL DE GAULLE (R;;;;670
200800013243;8;3;26;1000;1;2;9;1;3;482;17, JACQUES KABLE (RUE);;;;670
200800013247;8;3;27;1755;1;2;1;1;1;482;0, JEAN JAURES (AVENUE);;;;670
200800013254;8;3;30;1835;1;2;2;1;3;267;0, NOUVELLE CITE (RUE);;;;670
200800013258;8;3;4;1631;1;1;2;1;3;66;CD4;;;;680
200800013297;8;3;9;1115;1;2;1;1;3;259;2/4, RUE DU CLOS VERGER;;;;690
200800013316;8;3;25;810;1;2;3;2;6;266;1, AVENUE ALBERT EINSTEI;;;;690
200800013318;8;3;30;1055;1;2;1;1;3;266;12, autre;;;;690
200800013319;8;3;31;1345;1;2;2;1;2;266;., COURS EMILE ZOLA;;;;690
200800013327;8;3;13;2020;5;2;1;1;6;290;26, RUE JULES FERRY;;;;690
200800013332;8;3;13;720;2;2;1;1;3;550;LIBERATION (ROND POINT D;;;;700
200800013353;8;3;19;35;5;2;1;1;6;181;214, CARNOT (BD);;;;720
200800013354;8;3;19;942;1;2;1;1;3;181;DEMORIEUX (BD) ENTRE HUI;;;;720
200800013378;8;3;20;1600;1;2;3;1;6;118;180, 18 AOUT (RUE DU);;;;740
200800013387;8;3;29;1900;1;2;2;1;3;329;ABBAYE (RUE DE L');;;;760
200800013432;8;3;5;1700;1;2;1;1;7;540;21, LAUSANNE. RUE DE;;;;760
200800013489;8;3;3;918;1;2;1;2;6;482;31, ALBERT GRAVE (AVENUE;;;;770
200800013519;8;3;8;1625;1;2;1;1;6;358;EGLE (AVENUE);;;;780
200800013554;8;3;30;1200;1;2;3;8;6;481;ignoré, MARECHAL DE LATT;;;;780
200800013557;8;3;12;1730;1;2;6;1;3;586;SAINT-EXUPERY N°1 A 52;;;;780
200800013576;8;3;14;2135;5;2;2;1;6;646;GENERAL LECLERC (RUE DU);;;;780
200800013591;8;3;12;1145;1;2;1;1;2;21;32, BELFORT (BOULEVARD D;;;;800
200800013597;8;3;15;850;1;2;6;1;7;21;0, PIERRE MENDES FRANCE;;;;800
200800013599;8;3;15;1615;1;2;6;1;3;21;0, ELBEUF (RUE D');;;;800
200800013602;8;3;19;1210;1;2;1;2;2;21;202, CAGNY (RUE DE);;;;800
200800013603;8;3;19;1610;1;2;1;1;3;21;265, JEAN MOULIN (RUE);;;;800
200800013615;8;3;25;1400;1;2;1;1;6;21;03, SERGENTS (RUE DES);;;;800
200800013617;8;3;26;1325;1;2;1;2;6;21;0, MARC SANGNIER (RUE);;;;800
200800013618;8;3;31;1800;1;2;1;1;3;21;04, CARNOT (BOULEVARD);;;;800
200800013619;8;3;29;1205;1;2;3;1;3;21;0, CAGNY (RUE DE);;;;800
200800013632;8;3;11;1930;5;2;1;1;6;121;0, MANDOUNE (RUE DE LA);;;;820
200800013644;8;3;15;1230;1;1;1;1;3;141;ARCS(ROUTE DES);;;;830
200800013654;8;3;14;730;1;2;9;1;3;129;495, MER (AVENUE DE LA);;;;830
200800013669;8;3;28;745;2;2;1;1;3;126;1, ORVES (AV ESTIENNE D';;;;830
200800013704;8;3;29;1830;5;2;2;1;3;137;0, MON PARADIS (CHEMIN);;;;830
200800013726;8;3;17;1935;3;2;3;1;3;87;LYON (ROUTE DE);;;;840
200800013738;8;3;1;1730;1;2;1;1;2;194;11 NOVEMBRE (AVENUE DU);;;;860
200800013739;8;3;2;10;5;2;1;1;7;194;28, FRANCOIS ALBERT (BOU;;;;860
200800013826;8;3;1;1345;1;2;2;1;3;425;TEMPLIERS (ROUTE DES);;;;910
200800013843;8;3;25;1840;2;2;1;1;2;114;PIERRE PROST (AVENUE);;;;910
200800013850;8;3;15;1515;1;2;2;1;3;657;PIERRE BROSSOLETTE (RUE);;;;910
200800013874;8;3;29;1745;1;2;1;1;7;421;149, REPUBLIQUE (AVENUE;;;;910
200800013925;8;3;13;1155;1;2;3;1;1;60;MOULIN DE LA TOUR (BOULE;;;;920
200800013933;8;3;2;1910;5;2;2;1;3;25;PDT S.ALLENDE<>90 A 276;;;;920
200800013991;8;3;12;1925;1;2;1;1;6;62;131, REPUBLIQUE (RUE DE;;;;920
200800014001;8;3;17;1340;1;2;1;1;3;63;neant, LECLERC DE HAUTEC;;;;920
200800014011;8;3;6;835;1;2;1;1;5;22;113, SALENGRO (AVENUE RO;;;;920
200800014044;8;3;31;1730;1;2;1;1;6;1;4, LANDY (RUE DU) => 16/;;;;930
200800014051;8;3;5;1345;1;2;8;1;1;8;438, VAILLANT COUTURIER;;;;930
200800014081;8;3;7;2015;5;2;1;2;5;32;HENRI BARBUSSE   (AVENUE;;;;930
200800014083;8;3;13;830;1;2;1;1;6;32;61, JEAN JAURES (AVENUE);;;;930
200800014086;8;3;31;635;1;2;1;8;6;47;JEAN JAURES (AVENUE,IMPA;;;;930
200800014153;8;3;16;2200;3;2;1;2;3;66;"""LIBERATION RD14, NR 105";;;;930
200800014172;8;3;18;1210;1;2;1;1;7;73;VACHES (CHEMIN DES);;;;930
200800014178;8;3;29;1000;1;2;3;1;3;73;BERGER (RUE GILBERT);;;;930
200800014260;8;3;12;1350;1;2;1;1;2;38;GENERAL DE GAULLE (AV DU;;;;940
200800014264;8;3;15;1805;1;2;3;8;3;73;PRESIDENT ROOSEVELT (AV;;;;940
200800014325;8;3;7;750;1;2;1;1;6;80;98, FONTENAY (R DE);;;;940
200800014362;8;3;12;1630;1;2;1;1;1;252;2, SERGENT HURTEAUX (RUE;;;;950
200800014370;8;3;28;815;1;2;6;1;3;203;ROUX (RUE DU DOCTEUR);;;;950
200800014380;8;3;20;900;1;2;1;1;2;306;39, JEAN LECLAIRE (RUE);;;;950
200800014388;8;3;25;845;1;2;3;1;3;52;DANIELE CASANOVA;;;;950
200800014637;8;3;14;1620;1;2;1;1;3;383;22, COURS DOCTEUR LONG;;;;690
200800014718;8;3;21;1750;1;2;3;2;6;388;RUE PIERRE DELORE;;;;690
200800014798;8;3;1;225;5;2;1;2;6;103;13, BOULEVARD DU TEMPLE;;;;750
200800014809;8;3;2;1610;1;2;1;1;3;102;16, RUE DE TURBIGO;;;;750
200800014830;8;3;17;850;1;2;5;1;3;103;134, RUE DE TURENNE;;;;750
200800014835;8;3;8;2020;5;2;4;1;3;104;RUE DE RIVOLI;;;;750
200800014840;8;3;15;1601;1;2;2;2;7;104;96, RUE DE RIVOLI;;;;750
200800014841;8;3;20;1945;5;2;1;2;6;104;10, RUE DU RENARD;;;;750
200800014844;8;3;29;2030;5;2;2;1;6;104;01, RUE DU PONT LOUIS PH;;;;750
200800014854;8;3;11;1945;5;2;2;8;3;105;RUE MONGE;;;;750
200800014861;8;3;19;1900;5;2;1;2;3;105;RUE DES ECOLES;;;;750
200800014865;8;3;31;1510;1;2;2;2;7;105;BOULEVARD SAINT GERMAIN;;;;750
200800014867;8;3;15;1415;1;2;2;1;3;106;53, RUE DE SEVRES;;;;750
200800014882;8;3;19;1900;5;2;1;2;3;106;29, RUE DE BUCI;;;;750
200800014883;8;3;19;2250;5;2;1;1;3;106;0, PLACE DU DIX HUIT JUI;;;;750
200800014884;8;3;20;800;1;2;1;1;6;106;PLACE JUSTIN GODART;;;;750
200800014937;8;3;19;1330;1;2;1;1;2;108;83, RUE DE MIROMESNIL;;;;750
200800014944;8;3;21;1710;1;2;1;1;3;108;29-31, RUE DE COURCELLES;;;;750
200800014972;8;3;27;1320;1;2;4;1;2;109;RUE DE LONDRES;;;;750
200800014999;8;3;30;1125;1;2;2;2;3;110;QUAI DE VALMY;;;;750
200800015048;8;3;12;145;5;2;1;2;6;112;60, AVENUE DAUMESNIL;;;;750
200800015072;8;3;1;1535;1;2;1;1;2;113;19, BOULEVARD SAINT MARC;;;;750
200800015078;8;3;9;1230;1;2;2;2;3;113;29, AVENUE DE LA PORTE D;;;;750
200800015094;8;3;17;1910;5;2;3;1;3;113;01, PLACE VALHUBERT;;;;750
200800015100;8;3;22;2035;5;2;5;2;1;113;30, RUE BOBILLOT;;;;750
200800015107;8;3;5;1310;1;2;2;1;3;114;12, AVENUE DE LA PORTE D;;;;750
200800015121;8;3;18;2015;5;2;1;1;2;114;AVENUE DU GENERAL LECLER;;;;750
200800015141;8;3;7;1850;5;2;1;2;6;115;54, BOULEVARD GARIBALDI;;;;750
200800015188;8;3;10;810;1;2;1;6;1;116;18, RUE DU GENERAL APPER;;;;750
200800015204;8;3;18;1400;1;2;1;1;3;116;102, AVENUE DU PRESIDENT;;;;750
200800015205;8;3;18;1620;1;2;1;8;6;116;ROUTE DES TRIBUNES;;;;750
200800015220;8;3;22;1410;1;2;1;2;6;116;AVENUE EDOUARD VAILLANT;;;;750
200800015227;8;3;25;1230;1;2;1;1;7;116;ROUTE DE SEVRES A NEUILL;;;;750
200800015228;8;3;26;905;1;2;1;1;2;116;PLACE DU MARECHAL DE LAT;;;;750
200800015235;8;3;29;1300;1;2;1;1;4;116;30, AVENUE DU PRESIDENT;;;;750
200800015269;8;3;25;830;1;2;4;1;3;117;168, AVENUE DE CLICHY;;;;750
200800015292;8;3;11;1920;5;2;1;2;1;118;36, RUE ORDENER;;;;750
200800015293;8;3;12;1340;1;2;1;1;6;118;PLACE CONSTANTIN PECQUEU;;;;750
200800015297;8;3;16;1925;5;2;1;2;6;118;22, RUE CAULAINCOURT;;;;750
200800015345;8;3;19;15;5;2;5;1;3;119;0, BOULEVARD DE LA VILLE;;;;750
200800015361;8;3;31;2340;5;2;1;1;3;119;32, AVENUE CORENTIN CARI;;;;750
200800015429;8;3;25;1205;1;2;1;1;6;119;159, AVENUE DE FLANDRE;;;;750
200800015518;8;2;11;855;1;2;3;1;3;681;1, FERRER. RUE FRANCISCO;;;;760
200800015521;8;2;13;1000;1;2;1;1;6;575;32/34, ANEMONES. RUE DES;;;;760
200800015533;8;2;20;1100;1;2;1;8;2;216;7, REPUBLIQUE. RUE DE LA;;;;760
200800015668;8;3;26;600;2;1;1;1;2;471;;M;0.0;0.0;760
200800015675;8;3;4;1930;3;1;1;1;3;615;;M;0.0;0.0;270
200800015697;8;3;29;1115;1;2;1;1;5;348;cd6015;M;4931700.0;115900.0;270
200800015705;8;3;16;1130;1;1;1;1;5;196;;M;0.0;0.0;350
200800015736;8;3;19;1130;1;1;1;1;1;91;;M;4862600.0;-318300.0;220
200800015755;8;3;5;1630;1;2;1;1;2;103;Quai du Leon - CD 712;M;4845600.0;-424800.0;290
200800015761;8;3;21;1800;1;2;1;1;2;302;Rue Jacques Prevert;M;0.0;0.0;290
200800015788;8;3;7;1800;1;1;1;7;3;92;;M;0.0;0.0;140
200800015791;8;3;29;1545;1;1;2;1;3;283;;M;4886600.0;-9100.0;140
200800015802;8;3;30;1845;1;1;1;1;1;220;;M;0.0;0.0;500
200800015865;8;3;21;900;1;2;1;1;2;188;RUE DU MARECHAL LECLERC;M;4780000.0;-105500.0;530
200800015867;8;3;1;1445;1;1;2;1;3;96;;M;4826800.0;-98500.0;530
200800015870;8;3;20;1515;1;2;1;1;3;8;Bld Pierre LEFAUCHEUX;M;4794800.0;19500.0;720
200800015906;8;3;5;1630;1;1;2;1;3;530;;M;4510200.0;-54300.0;330
200800016017;8;3;30;900;1;1;1;8;2;93;;M;4588900.0;-122700.0;170
200800016066;8;3;29;1015;1;2;1;1;5;320;2 route de Carbonne;M;4332100.0;124100.0;310
200800016073;8;3;30;1545;1;1;1;1;1;366;;M;4345500.0;153100.0;310
200800016146;8;3;15;1430;1;1;1;1;1;222;;M;0.0;0.0;690
200800016158;8;3;19;1815;1;2;1;1;1;4;;M;0.0;0.0;10
200800016177;8;3;23;1900;2;1;1;1;2;143;;M;0.0;0.0;70
200800016182;8;3;23;630;2;1;1;1;5;85;;M;0.0;0.0;260
200800016226;8;3;15;815;1;1;9;1;3;349;;M;4534300.0;478500.0;380
200800016247;8;3;16;315;3;1;1;3;1;28;;M;4566300.0;570100.0;730
200800016267;8;3;14;845;1;2;3;1;3;250;Avenue de la Republique;M;0.0;0.0;740
200800016304;8;3;22;1445;1;2;1;1;1;36;CD 953/CD 106;M;0.0;0.0;30
200800016376;8;3;5;900;1;2;1;1;3;28;Rue du Moulin;M;4837400.0;759000.0;670
200800016440;8;3;29;1630;1;2;1;1;5;125;rue des lilas;M;0.0;0.0;80
200800016498;8;3;30;1815;1;1;1;2;2;491;;M;4641300.0;403400.0;710
200800016504;8;3;1;1630;1;1;1;1;1;365;;M;4769100.0;297900.0;890
200800016524;8;3;21;1830;3;1;1;3;2;57;;M;0.0;0.0;250
200800016561;8;3;14;1800;1;2;1;1;3;15;D8N;M;0.0;0.0;130
200800016580;8;3;19;845;1;1;1;1;3;86;;M;0.0;0.0;130
200800016617;8;3;12;1545;1;2;1;1;6;106;chemin des Vignes;M;0.0;0.0;830
200800016629;8;3;4;930;1;2;2;6;3;35;Carrefour du Camp;M;0.0;0.0;830
200800016646;8;3;15;1345;1;1;1;1;6;17;;M;0.0;0.0;840
200800016716;8;3;27;1315;1;2;1;1;1;274;avenue des mimosas;M;4418600.0;410500.0;300
200800016719;8;3;5;1100;1;2;9;1;1;37;rue paul vermale;M;0.0;0.0;300
200800016728;8;3;14;1630;1;1;1;1;1;180;;M;0.0;0.0;300
200800016733;8;3;6;1745;1;2;3;1;3;92;rue Vilette;M;0.0;0.0;480
200800016734;8;3;28;815;1;1;1;8;2;26;;M;4256600.0;290600.0;660
200800016776;8;3;26;1130;1;2;1;1;1;630;110, rue du village;M;4856900.0;206100.0;910
200800016811;8;3;15;415;3;1;1;1;2;155;;M;0.0;0.0;450
200800017088;8;4;1;900;1;1;6;1;3;422;;M;4481100.0;-79400.0;330
200800017145;8;4;16;1115;1;1;1;1;1;80;;M;0.0;0.0;130
200800017170;8;4;13;1645;1;1;1;1;6;82;;M;0.0;0.0;340
200800017173;8;4;23;1730;1;2;1;1;1;152;route de Grasse;M;0.0;0.0;60
200800017276;8;4;2;930;1;1;3;1;1;70;;M;4505200.0;-94900.0;330
200800017291;8;4;4;1830;1;2;1;1;1;109;rue eugene gouin;M;4740400.0;59800.0;370
200800017356;8;4;25;1115;1;1;1;1;1;635;;M;4872900.0;219000.0;910
200800017363;8;4;16;2000;1;1;1;1;3;156;;M;4845600.0;236500.0;910