Num_Acc;an;mois;jour;hrmn;lum;agg;int;atm;col;com;adr;gps;lat;long;dep
200800025577;8;5;21;955;1;2;1;1;6;322;JEAN JAURES (AVENUE);;;;780
200800025581;8;5;27;930;1;2;1;2;3;686;76, GENERAL LECLERC (AVE;;;;780
200800025605;8;5;27;1;5;2;1;1;1;650;0, LEVRIER (ALLEE DU);;;;780
200800025607;8;5;16;1315;1;2;6;3;3;191;AIFFRES (ROUTE D');;;;790
200800025611;8;5;20;1210;1;2;6;1;3;1;PRESIDENT ROBERT SCHUMAN;;;;800
200800025620;8;5;6;700;2;2;2;1;3;21;0, SAINT PIERRE (CHAUSSE;;;;800
200800025621;8;5;12;1815;1;2;1;1;3;21;00, MARECHAL DE LATTRE D;;;;800
200800025642;8;5;31;1120;1;2;1;1;7;21;366, SAINT FUSCIEN (RUE);;;;800
200800025665;8;5;26;1725;1;2;1;1;3;61;AVENUE DE SAINT-LAMBERT;;;;830
200800025667;8;5;1;1015;1;2;1;1;6;34;10, AVENUE VALERANE;;;;830
200800025689;8;5;10;1305;1;2;1;1;2;137;00, CLEMENCEAU (BD GEORG;;;;830
200800025711;8;5;17;930;1;2;1;2;3;137;LOTI (AVE PIERRE);;;;830
200800025723;8;5;7;1255;1;1;1;1;3;7;PETIT MAS (rue du);;;;840
200800025737;8;5;21;1330;1;2;1;1;3;89;1, JARDINS (BOULEVARD DE;;;;840
200800025746;8;5;2;1555;1;2;6;1;3;194;ESTIENNE D'ORVES (R-P HO;;;;850
200800025748;8;5;5;930;1;2;6;1;6;194;BELMONT (AVENUE DU COMMA;;;;850
200800025749;8;5;6;1710;1;2;1;1;2;194;GODET (PROMENADE GEORGES;;;;850
200800025757;8;5;7;1730;1;2;1;1;6;194;PASSERELLE DES ROCS;;;;860
200800025798;8;5;5;1315;1;2;3;1;3;160;53, NEUVE-GRANGE (RUE);M;4814879.0;645925.0;880
200800025817;8;5;25;1626;1;2;1;1;6;99;1, MONCEAU (RUE DU);;;;900
200800025887;8;5;21;1030;1;1;1;1;6;477;CD 36;;;;910
200800025895;8;5;23;1512;1;2;1;1;6;549;1, PARMENTIER (RUE);;;;910
200800025958;8;5;21;1945;1;2;1;1;3;24;107, JEAN JAURES (BD) DE;;;;920
200800025973;8;5;29;1300;1;2;1;1;6;25;1, PAUL LANGEVIN (ALLEE);;;;920
200800025981;8;5;13;1935;1;2;2;1;7;35;12, Verdun 1916 ( avenue;;;;920
200800025982;8;5;5;1540;1;2;1;1;6;35;64 bis, Général de Gaull;;;;920
200800025991;8;5;5;1750;1;2;1;1;6;40;215, JEAN JACQUES ROUSSE;;;;920
200800026014;8;5;6;945;1;2;1;1;3;49;GINOUX AV. HENRI N°1 A 9;;;;920
200800026020;8;5;24;2025;2;2;1;1;6;49;55, BROSSOLETTE AVENUE P;;;;920
200800026042;8;5;13;1120;1;2;1;1;3;51;EMILE BERGERAT (VILLA);;;;920
200800026046;8;5;19;1810;1;2;3;1;6;62;00, BRAZZA (RUE);;;;920
200800026093;8;5;30;1800;1;2;1;1;3;1;151, JEAN JAURES (AVE);;;;930
200800026104;8;5;22;1215;1;2;1;1;3;5;154 bis, MITRY [CD115] (;;;;930
200800026136;8;5;17;2050;1;2;1;1;6;27;SALENGRO (AVENUE ROGER);;;;930
200800026149;8;5;12;1440;1;2;1;1;3;79;90, MAURICE GRANDCOING;;;;930
200800026160;8;5;8;1900;1;2;1;1;3;45;124, PARIS RUE DE;;;;930
200800026164;8;5;20;1800;1;2;1;1;2;45;115, PARIS RUE DE;;;;930
200800026167;8;5;6;1415;1;2;5;1;3;74;BOUCHER RUE ALEXANDRE;;;;930
200800026188;8;5;5;1850;1;2;1;1;4;49;122, MARECHAL FOCH (AVEN;;;;930
200800026189;8;5;11;1210;1;2;1;1;3;50;DAUPHINE (PLACE);;;;930
200800026195;8;5;24;1350;1;2;3;1;3;49;EDGAR QUINET (RUE) FAIDH;;;;930
200800026202;8;5;10;1128;1;2;1;1;6;51;RIVE CHARMANTE (QUAI);;;;930
200800026206;8;5;21;1500;1;2;3;1;3;51;1, MASTRAITS;;;;930
200800026217;8;5;14;725;1;2;1;1;1;53;57, PARIS (Hauteur RUE D;;;;930
200800026251;8;5;19;1045;1;2;1;1;2;66;COURNEUVE (ROUTE);;;;930
200800026252;8;5;20;810;1;2;1;1;3;66;PARIS (PORTE);;;;930
200800026263;8;5;10;915;1;2;1;1;3;66;FRANCE ANATOLE (BOULEVAR;;;;930
200800026267;8;5;12;1935;1;2;1;1;6;66;99, WILSON (AVENUE DU PR;;;;930
200800026309;8;5;22;2250;5;2;1;1;7;78;BLERIOT (ALLEE LOUIS);;;;930
200800026316;8;5;24;1315;1;1;1;1;3;71;0, WINSTON CHURCHILL (R);;;;940
200800026324;8;5;9;1935;1;2;1;1;6;17;PIERRE MARIE DERRIEN (R);;;;940
200800026338;8;5;31;1157;1;2;3;1;3;18;LIBERTE (AV DE LA);;;;940
200800026357;8;5;3;1815;1;2;1;1;3;11;5, STAINS(ROUTE DE);;;;940
200800026370;8;5;27;2305;1;2;1;1;3;28;0, NEUVE(RUE);;;;940
200800026375;8;5;29;2200;5;2;1;1;6;28;0, VERDUN.(AVENUE DE);;;;940
200800026377;8;5;10;1855;1;2;1;1;6;33;JEAN MACE (R);;;;940
200800026390;8;5;9;2000;1;2;1;1;2;43;045, GENERAL LECLERC (R;;;;940
200800026401;8;5;17;1820;1;2;1;1;3;76;7, CHASTENET DE GERY (BD;;;;940
200800026403;8;5;19;1800;1;1;1;1;6;3;CONVENTION (AV DE LA);;;;940
200800026413;8;5;3;800;1;2;1;1;3;65;CARPENTRAS (Rue de);;;;940
200800026427;8;5;28;1535;1;2;1;1;3;21;300, STALINGRAD (AV DE);;;;940
200800026438;8;5;3;1645;1;2;3;1;3;46;02, FOCH (AV);;;;940
200800026464;8;5;16;1600;1;2;1;1;6;68;D'ADAMVILLE KENNEDY (PL);;;;940
200800026495;8;5;12;1530;1;2;1;1;3;81;25, HUIT MAI 1945 (AV DU;;;;940
200800026497;8;5;15;855;1;2;3;1;6;81;Angle, ANATOLE FRANCE (A;;;;940
200800026502;8;5;21;1810;1;2;1;1;6;81;88, JULIAN GRIMAU (R);;;;940
200800026518;8;5;11;1250;1;2;3;1;3;582;PIERRE EMILE LESACQ (RUE;;;;950
200800026530;8;5;29;755;1;2;1;1;1;176;rue Louis Hayet;;;;950
200800026538;8;5;2;1910;1;2;3;1;6;203;MONTLIGNON (ROUTE DE);;;;950
200800026540;8;5;7;1220;1;2;2;1;3;252;BEL-AIR (RUE DU);;;;950
200800026546;8;5;16;1845;1;2;2;1;3;203;DUMAS (RUE ALEXANDRE);;;;950
200800026553;8;5;28;1730;1;2;2;1;3;252;GUTENBERG (RUE);;;;950
200800026570;8;5;27;1300;1;2;6;3;6;51;00, GENERAL LECLERC (AVE;;;;950
200800026583;8;5;3;150;5;2;1;1;6;381;53, QUAI SAINT VINCENT;;;;690
200800026741;8;5;7;1830;1;2;2;1;3;382;RUE SMITH;;;;690
200800026742;8;5;8;120;5;2;1;1;2;382;9, QUAI TILSITT;;;;690
200800026801;8;5;16;1010;1;2;1;1;3;383;2 bis, RUE DU DAUPHINE;;;;690
200800026803;8;5;23;1215;1;2;2;1;3;383;0, COURS LAFAYETTE;;;;690
200800026807;8;5;28;900;1;2;2;1;6;383;RUE DOCTEUR BOUCHUT;;;;690
200800026834;8;5;9;1020;1;2;3;1;6;387;168, RUE MARCEL MERIEUX;;;;690
200800026877;8;5;6;1235;1;2;1;1;6;389;43, RUE PROFESSEUR PATEL;;;;690
200800026878;8;5;12;1255;1;2;1;1;3;389;12, QUAI JAYR;;;;690
200800026881;8;5;22;1810;1;2;1;1;3;389;9, RUE ROQUETTE;;;;690
200800026928;8;5;11;150;5;2;2;1;6;102;35, RUE ETIENNE MARCEL;;;;750
200800026929;8;5;12;530;5;2;2;1;3;101;30, QUAI DU LOUVRE;;;;750
200800026932;8;5;17;1810;1;2;1;1;7;101;SOUTERRAIN GENERAL LEMON;;;;750
200800026935;8;5;21;2310;5;2;1;1;6;101;QUAI DES TUILERIES;;;;750
200800026937;8;5;28;1420;1;2;4;1;2;101;PLACE DU PONT NEUF;;;;750
200800026940;8;5;31;350;5;2;1;1;1;101;1, QUAI DES TUILERIES;;;;750
200800026951;8;5;7;1900;1;2;1;1;3;103;10, RUE COMMINES;;;;750
200800026957;8;5;22;1336;1;2;1;1;7;103;20, RUE DES FRANCS BOURG;;;;750
200800026961;8;5;23;1740;1;2;2;1;3;103;81, BOULEVARD DE SEBASTO;;;;750
200800026970;8;5;9;1205;1;2;1;1;3;104;36, RUE DU TEMPLE;;;;750
200800026971;8;5;12;1805;1;2;3;1;3;104;RUE SAINT ANTOINE;;;;750
200800026972;8;5;14;1850;1;2;1;2;7;104;RUE FRANCOIS MIRON;;;;750
200800026976;8;5;21;1250;1;2;1;1;3;104;1, RUE DE LA CITE;;;;750
200800026978;8;5;28;1626;1;2;1;1;3;104;QUAI DE L HOTEL DE VILLE;;;;750
200800026979;8;5;28;1910;1;2;4;1;3;104;74, RUE DE RIVOLI;;;;750
200800026989;8;5;24;1045;1;2;3;1;3;105;AVENUE DES GOBELINS;;;;750
200800026994;8;5;7;855;1;2;5;1;3;106;56, RUE DU FOUR;;;;750
200800026997;8;5;7;1855;1;2;2;1;3;106;90, BOULEVARD RASPAIL;;;;750
200800027004;8;5;16;115;5;2;2;1;2;106;19, BOULEVARD DU MONTPAR;;;;750
200800027013;8;5;2;1745;1;2;3;1;3;107;33, QUAI D ORSAY;;;;750
200800027016;8;5;5;1840;1;2;1;1;3;107;25, RUE DE CONSTANTINE;;;;750
200800027032;8;5;24;1115;1;2;1;1;3;107;161, RUE DE GRENELLE;;;;750
200800027040;8;5;1;1945;1;2;2;1;7;108;BOULEVARD MALESHERBES;;;;750
200800027042;8;5;4;1005;1;2;5;7;6;108;PLACE SAINT AUGUSTIN;;;;750
200800027044;8;5;6;2030;1;2;1;1;4;108;AVENUE DES CHAMPS ELYSEE;;;;750
200800027046;8;5;7;1835;1;2;1;1;3;108;PLACE DE LA CONCORDE;;;;750
200800027047;8;5;10;1625;1;2;1;7;7;108;85, BOULEVARD MALESHERBE;;;;750
200800027049;8;5;11;1620;1;2;2;1;3;108;04, PLACE DE LA CONCORDE;;;;750
200800027056;8;5;16;854;1;2;1;1;2;108;RUE DE MIROMESNIL;;;;750
200800027058;8;5;16;2351;5;2;2;2;1;108;RUE DE SAINT PETERSBOURG;;;;750
200800027064;8;5;21;850;1;2;1;1;2;108;01, AVENUE DE FRIEDLAND;;;;750
200800027065;8;5;21;1515;1;2;1;1;7;108;AVENUE DES CHAMPS ELYSEE;;;;750
200800027066;8;5;22;830;1;2;2;1;3;108;31, BOULEVARD DES BATIGN;;;;750
200800027073;8;5;27;1850;1;2;2;2;7;108;159, BOULEVARD HAUSSMANN;;;;750
200800027077;8;5;30;10;5;2;2;1;3;108;RUE DE LA PEPINIERE;;;;750
200800027092;8;5;16;1500;1;2;1;1;6;109;80, RUE SAINT LAZARE;;;;750
200800027102;8;5;28;1720;1;2;1;1;6;109;05, PLACE DE L OPERA;;;;750
200800027103;8;5;28;2030;1;2;2;1;6;109;24, RUE DE PROVENCE;;;;750
200800027107;8;5;5;1330;1;2;1;1;3;110;2, RUE DU HUIT MAI 1945;;;;750
200800027109;8;5;8;1355;1;2;2;1;3;110;85, QUAI DE VALMY;;;;750
200800027118;8;5;17;835;1;2;1;1;7;110;144, BOULEVARD DE MAGENT;;;;750
200800027122;8;5;18;1410;1;2;3;1;3;110;BOULEVARD DE LA CHAPELLE;;;;750
200800027123;8;5;20;1600;1;2;2;1;6;110;RUE DU FAUBOURG POISSONN;;;;750
200800027126;8;5;24;1120;1;2;2;1;3;110;85, QUAI DE VALMY;;;;750
200800027127;8;5;25;2239;5;2;1;8;3;110;5, PLACE DE LA BATAILLE;;;;750
200800027135;8;5;30;1915;1;2;1;1;7;110;117, RUE LA FAYETTE;;;;750
200800027141;8;5;8;2030;1;2;1;1;6;111;119, BOULEVARD VOLTAIRE;;;;750
200800027146;8;5;11;1910;1;2;3;1;3;111;129, BOULEVARD VOLTAIRE;;;;750
200800027147;8;5;12;1400;1;2;1;1;6;111;106, RUE JEAN PIERRE TIM;;;;750
200800027156;8;5;18;1132;1;2;1;1;7;111;9, RUE AMELOT;;;;750
200800027158;8;5;20;1000;1;2;6;1;3;111;12, PLACE DE LA BASTILLE;;;;750
200800027162;8;5;24;1825;1;2;1;2;3;111;44, BOULEVARD RICHARD LE;;;;750
200800027174;8;5;31;1605;1;2;3;1;7;111;59, RUE SAINT MAUR;;;;750
200800027180;8;5;9;1948;1;2;1;1;3;112;20 bis, BOULEVARD DIDERO;;;;750
200800027182;8;5;10;1326;1;2;1;1;2;112;QUAI DE BERCY;;;;750
200800027189;8;5;13;910;1;2;1;1;3;112;ROUTE DE LA PYRAMIDE;;;;750
200800027191;8;5;13;1420;1;2;1;1;6;112;120, RUE DU FAUBOURG SAI;;;;750
200800027192;8;5;13;1715;1;2;5;7;2;112;BOULEVARD SOULT;;;;750
200800027194;8;5;14;910;1;2;1;1;2;112;4, PLACE DU COLONEL BOUR;;;;750
200800027208;8;5;20;830;1;2;3;1;3;112;273, AVENUE DAUMESNIL;;;;750
200800027212;8;5;22;945;1;2;1;1;6;112;130, RUE DE LYON;;;;750
200800027215;8;5;24;935;1;2;1;1;3;112;ROUTE SAINT HUBERT;;;;750
200800027216;8;5;24;1100;1;2;1;1;6;112;AVENUE DAUMESNIL;;;;750
200800027218;8;5;26;2105;1;2;1;1;3;112;ROUTE DE LA PYRAMIDE;;;;750
200800027223;8;5;30;1745;1;2;1;1;3;112;45, BOULEVARD PONIATOWSK;;;;750
200800027226;8;5;31;1645;1;2;1;1;6;112;8, RUE MONTGALLET;;;;750
200800027228;8;5;3;1450;1;2;1;1;3;113;135, RUE DE TOLBIAC;;;;750
200800027234;8;5;7;948;1;2;2;1;3;113;39, BOULEVARD DE PORT RO;;;;750
200800027245;8;5;14;535;2;2;1;1;7;113;5, RUE DU PROFESSEUR LOU;;;;750
200800027274;8;5;10;1150;1;2;2;1;2;114;101, BOULEVARD ARAGO;;;;750
200800027285;8;5;20;1810;1;2;6;1;3;114;PLACE DE CATALOGNE;;;;750
200800027286;8;5;21;1000;1;2;1;1;3;114;5, RUE GUSTAVE LE BON;;;;750
200800027288;8;5;21;2215;4;2;2;1;3;114;AVENUE DE LA PORTE DE CH;;;;750
200800027289;8;5;25;1015;1;2;7;1;3;114;BOULEVARD ARAGO;;;;750
200800027290;8;5;25;1530;1;2;1;1;3;114;32, AVENUE REILLE;;;;750
200800027298;8;5;1;1750;1;2;1;1;3;115;8, RUE JOSEPH LIOUVILLE;;;;750
200800027306;8;5;14;1255;1;2;1;1;3;115;35, RUE BALARD;;;;750
200800027323;8;5;27;2030;2;2;1;2;3;115;146, RUE DE LA CONVENTIO;;;;750
200800027350;8;5;21;1050;1;2;1;1;6;116;CARREFOUR DES TRIBUNES;;;;750
200800027393;8;5;14;1002;1;2;3;1;3;117;24, AVENUE DE LA PORTE D;;;;750
200800027396;8;5;15;919;1;2;2;1;6;117;22, AVENUE DE LA GRANDE;;;;750
200800027400;8;5;18;1820;1;2;2;1;7;117;108, BOULEVARD MALESHERB;;;;750
200800027418;8;5;3;1515;1;2;1;1;3;118;9, RUE LOUIS PASTEUR VAL;;;;750
200800027419;8;5;3;2230;5;2;1;1;7;118;2, BOULEVARD DE CLICHY;;;;750
200800027424;8;5;7;2045;2;2;1;1;3;118;BOULEVARD NEY;;;;750
200800027431;8;5;17;1500;1;2;1;2;6;118;81, RUE DE CLIGNANCOURT;;;;750
200800027445;8;5;28;1050;1;2;1;1;3;118;32, AVENUE DE LA PORTE D;;;;750
200800027452;8;5;5;1340;1;2;1;1;7;119;46, QUAI DE LA LOIRE;;;;750
200800027460;8;5;9;1910;1;2;1;1;1;119;155, RUE DE CRIMEE;;;;750
200800027490;8;5;3;45;5;2;3;1;6;120;20, RUE DE MENILMONTANT;;;;750
200800027504;8;5;21;842;1;2;1;1;3;120;39, AVENUE GAMBETTA;;;;750
200800027512;8;5;29;2130;2;2;1;1;3;120;5, RUE DU CLOS;;;;750
200800027514;8;5;2;1735;1;2;5;1;3;110;07, PLACE FRANZ LISZT;;;;750
200800027520;8;5;9;1030;1;2;1;1;6;102;18, RUE ETIENNE MARCEL;;;;750
200800027541;8;5;21;1030;1;2;5;1;3;108;PLACE DE L EUROPE;;;;750
200800027546;8;5;23;1733;1;2;1;1;3;110;184, RUE DU FAUBOURG SAI;;;;750
200800027560;8;5;28;1410;1;2;1;1;1;104;25, BOULEVARD BEAUMARCHA;;;;750
200800027646;8;5;3;1900;1;2;1;1;1;663;Rue de Ledringhem;M;5088600.0;246600.0;590
200800027647;8;5;14;1530;1;1;1;1;1;416;;M;0.0;0.0;590
200800027656;8;5;21;900;1;2;1;1;3;419;rue de St Amand;M;0.0;0.0;590
200800027669;8;5;2;1015;1;2;1;1;1;284;rue du prehaut;M;5025600.0;307200.0;620
200800027703;8;5;12;1830;1;2;9;1;7;584;11 RUE BRULEE;M;5004000.0;228000.0;800
200800027741;8;5;18;1030;1;2;1;1;3;663;69 grande rue;M;0.0;0.0;600
200800027744;8;5;2;1930;1;2;1;1;1;29;CD2 RUE MARECHAL FOCH;M;0.0;0.0;600
200800027769;8;5;10;1030;1;1;1;1;3;398;;M;0.0;0.0;600
200800027782;8;5;31;1630;1;2;1;1;1;116;MONTMAIN;M;4941700.0;123300.0;760
200800027793;8;5;6;1745;1;2;1;1;2;495;Rue noel Fauvel;M;0.0;0.0;760
200800027816;8;5;17;1930;1;2;1;1;1;204;RUE ST AUBIN;M;0.0;0.0;270
200800027818;8;5;25;2015;2;2;1;1;1;237;230 CD613;M;4918700.0;53000.0;270
200800027836;8;5;6;1030;1;1;1;7;3;240;;M;0.0;0.0;350
200800027855;8;5;13;1430;1;1;1;1;1;136;;M;0.0;0.0;220
200800027866;8;5;8;845;1;1;1;1;7;333;;M;0.0;0.0;220
200800027878;8;5;6;900;1;2;6;1;1;220;Rond point de Pont Guern;M;0.0;0.0;290
200800027879;8;5;14;1815;1;2;1;1;3;165;RUE DE L AGLISE;M;0.0;0.0;290
200800027886;8;5;12;1315;1;1;1;1;3;26;;M;4820800.0;-408100.0;290
200800027895;8;5;29;1100;1;1;1;1;1;8;;M;0.0;0.0;560
200800027909;8;5;21;1530;1;2;1;1;3;74;rue du Maneguen;M;4791200.0;-297900.0;560
200800027924;8;5;2;1330;1;2;2;1;1;229;rue Plessis Esmangard;M;4923000.0;-4300.0;140
200800027946;8;5;8;845;1;2;1;1;1;258;Rue Libcany;M;0.0;0.0;610
200800027961;8;5;24;1000;1;2;1;2;1;36;rue vieille voie;M;4771900.0;-138400.0;440
200800027969;8;5;4;1330;1;1;1;1;3;131;;M;4711100.0;-206400.0;440
200800027989;8;5;12;1800;1;2;1;2;1;140;rue des perdrielles;M;0.0;0.0;490
200800027990;8;5;28;1545;1;2;1;1;1;274;rue de la Crilloire;M;0.0;0.0;490
200800028005;8;5;23;1200;1;1;1;1;3;154;;M;0.0;0.0;720
200800028011;8;5;9;830;1;2;1;1;6;264;rue leon legludic;M;0.0;0.0;720
200800028016;8;5;1;1645;1;2;1;1;3;80;Allee de la Galaisiere;M;4817700.0;65800.0;720
200800028039;8;5;19;1930;1;1;2;2;3;19;;M;0.0;0.0;330
200800028042;8;5;10;2000;1;1;1;1;2;312;;M;4498200.0;-56000.0;330
200800028045;8;5;13;815;1;2;6;1;2;376;Rond point de la vierge;M;0.0;0.0;330
200800028046;8;5;18;1500;1;2;1;1;1;200;RUE Edmond ROSTAND;M;0.0;0.0;330
200800028049;8;5;26;945;1;1;1;1;2;3;;M;4491800.0;-41100.0;330
200800028058;8;5;3;1145;1;1;1;1;6;535;;M;0.0;0.0;330
200800028066;8;5;16;1545;1;2;1;1;6;36;rampe du pont des arches;M;4443000.0;-21000.0;330
200800028082;8;5;16;1800;1;2;1;1;3;1;Rue des cinq chemins;M;0.0;0.0;330
200800028088;8;5;17;2000;1;2;1;1;7;372;RES JACQUES PREVERT;M;0.0;0.0;240
200800028089;8;5;8;1900;1;2;1;1;3;182;ROUTE DE MUSSIDAN;M;4488400.0;24900.0;240
200800028145;8;5;7;1745;1;2;1;1;1;297;RUE FIRMIN PETIT;M;4657900.0;26700.0;860
200800028151;8;5;13;1830;1;2;1;1;3;253;17 Grand rue;M;0.0;0.0;860
200800028157;8;5;23;2115;2;1;2;1;3;258;;M;4681800.0;39100.0;860
200800028173;8;5;4;115;3;1;1;1;2;11;;M;4574600.0;18900.0;160
200800028203;8;5;10;1130;1;1;1;1;4;26;;M;0.0;0.0;170
200800028248;8;5;28;1500;1;2;1;1;3;435;CD 37 - route de Berat;M;0.0;0.0;310
200800028263;8;5;31;1000;1;1;1;1;7;211;;M;4412600.0;325300.0;120
200800028286;8;5;25;1530;1;2;1;3;6;25;Route de l'AUBISQUE;M;4301200.0;-10100.0;650
200800028311;8;5;31;800;1;2;3;1;1;286;925 CH DU CHAMP DE LIERE;M;0.0;0.0;690
200800028313;8;5;6;1745;1;2;1;1;1;289;impasse grandes terres;M;4565000.0;501800.0;690
200800028321;8;5;1;1630;1;2;6;1;1;28;CD 50;M;0.0;0.0;690
200800028336;8;5;22;2015;1;1;1;1;3;107;;M;0.0;0.0;690
200800028354;8;5;31;1430;1;2;1;1;1;148;PLACE DE L HOTEL DE VILL;M;0.0;0.0;10
200800028379;8;5;9;1400;1;1;6;1;3;166;;M;0.0;0.0;260
200800028386;8;5;7;1630;1;1;1;1;2;45;;M;4456900.0;493900.0;260
200800028407;8;5;3;1345;1;1;1;1;1;418;;M;0.0;0.0;380
200800028437;8;5;24;1030;1;1;1;1;3;208;;M;4553400.0;447000.0;420
200800028438;8;5;10;1630;1;1;1;1;7;46;;M;4564100.0;407500.0;420
200800028451;8;5;30;1800;1;2;1;1;3;332;CHEMIN DU HALAGE;M;4600000.0;404400.0;420
200800028453;8;5;8;1030;1;2;1;1;3;334;rue jacques vernier;M;4585500.0;435900.0;420
200800028482;8;5;28;1630;1;2;6;1;2;264;Avenue des lacs;M;0.0;0.0;740
200800028486;8;5;26;1330;1;1;6;1;1;208;;M;0.0;0.0;740
200800028514;8;5;22;830;1;2;1;1;3;156;La Croix des Moines;M;4659500.0;349000.0;30
200800028519;8;5;16;1530;1;1;1;1;3;281;;M;0.0;0.0;30
200800028552;8;5;27;900;1;1;1;1;2;385;;M;0.0;0.0;570
200800028569;8;5;1;1145;1;1;1;8;2;102;;M;0.0;0.0;570
200800028574;8;5;30;1700;1;2;1;1;3;188;;M;0.0;0.0;540
200800028580;8;5;12;1515;1;2;1;1;3;415;;M;0.0;0.0;540
200800028612;8;5;28;1345;1;1;1;1;3;259;;M;0.0;0.0;880
200800028635;8;5;2;1500;1;2;1;1;1;322;rue de la Gare;M;0.0;0.0;670
200800028647;8;5;14;1800;1;2;9;1;1;281;Parking du SUPER U;M;4817200.0;755500.0;670
200800028658;8;5;6;915;1;2;1;1;1;345;RUE DU CHATEAU D'EAU;M;4809300.0;749100.0;680
200800028659;8;5;22;830;1;2;3;1;1;352;Carrefour RD1 IV-RD1 III;M;4801900.0;755400.0;680
200800028671;8;5;24;1345;1;1;1;2;3;82;;M;4787500.0;733000.0;680
200800028677;8;5;6;1530;1;2;3;1;3;349;piste cyclable du canal;M;0.0;0.0;680
200800028680;8;5;6;1445;1;1;1;1;3;239;;M;4781200.0;694300.0;680
200800028720;8;5;31;1545;1;1;1;8;2;140;;M;4821700.0;492000.0;520
200800028726;8;5;4;1630;1;1;1;1;7;431;;M;4786800.0;512300.0;520
200800028762;8;5;13;1745;1;2;1;1;1;512;RUE MAURICE PAGENEL;M;0.0;0.0;710
200800028781;8;5;12;1130;1;2;1;1;3;419;31  rue Arrault;M;4773900.0;329500.0;890
200800028786;8;5;11;1200;1;2;1;1;3;371;cd 944;M;0.0;0.0;890
200800028812;8;5;3;1615;1;1;1;1;3;442;;M;4686200.0;634100.0;250
200800028901;8;5;4;1145;1;2;6;1;1;42;Armee d afrique;M;0.0;0.0;830
200800028935;8;5;11;1330;1;1;1;1;1;17;;M;4412600.0;525000.0;840
200800028939;8;5;13;1100;1;2;1;1;1;78;rue Henri Barbusse;M;0.0;0.0;840
200800028947;8;5;30;845;1;2;1;1;1;58;rue Lou Castel;M;4367000.0;398000.0;340
200800029004;8;5;2;1630;1;1;1;1;3;348;;M;0.0;0.0;300
200800029008;8;5;12;1630;1;1;1;1;7;174;;M;0.0;0.0;300
200800029010;8;5;24;1415;1;2;1;1;1;202;LE CLOS DES VIGNES;M;0.0;0.0;300
200800029031;8;5;16;1015;1;1;1;1;6;227;;M;4265500.0;292900.0;660
200800029067;8;5;13;930;1;1;1;1;6;276;;M;0.0;0.0;780
200800029070;8;5;26;1430;1;1;1;1;1;325;;M;0.0;0.0;780
200800029086;8;5;31;845;1;1;1;1;5;99;;M;4843200.0;240500.0;910
200800029100;8;5;14;1115;1;1;1;1;6;94;;M;0.0;0.0;950
200800029127;8;5;3;2115;2;2;1;1;1;87;rue Vuidet;M;0.0;0.0;450
200800029165;8;5;7;1145;1;2;1;1;1;43;route de Chateau Renault;M;4747500.0;106200.0;370
200800029178;8;5;1;1515;1;2;1;1;1;137;13 rue de la fontaine;M;0.0;0.0;410
200800029189;8;5;14;1700;1;1;3;1;3;192;;M;4576700.0;124100.0;870
200800029193;8;5;27;1745;1;2;1;1;3;367;;M;0.0;0.0;670
200800029194;8;5;10;1645;1;1;6;1;3;234;;M;4480000.0;-51000.0;330
200800029239;8;5;30;930;1;1;1;1;3;48;;M;4823900.0;-86500.0;530
200800029294;8;5;6;1415;1;1;6;1;3;30;;M;0.0;0.0;390
200800029305;8;5;22;1515;1;1;1;1;3;112;;M;0.0;0.0;740
200800029309;8;5;7;1730;1;1;1;1;1;623;;M;0.0;0.0;620
200800029324;8;5;6;2045;2;2;9;1;1;353;allee des framboisiers;M;4908100.0;231200.0;950
200800029330;8;5;14;1815;1;1;1;3;1;275;;M;0.0;0.0;350