Num_Acc;an;mois;jour;hrmn;lum;agg;int;atm;col;com;adr;gps;lat;long;dep
200800029387;8;5;16;1445;1;2;6;1;3;297;cd 207;M;5082500.0;219600.0;620
200800029454;8;6;5;1815;1;1;1;1;2;14;;M;0.0;0.0;620
200800029458;8;6;4;1715;1;1;3;1;3;906;;M;5086300.0;206300.0;620
200800029460;8;6;25;1830;1;1;1;1;1;485;;M;5054700.0;225000.0;620
200800029487;8;6;11;1600;1;1;1;1;1;58;;M;4986000.0;264700.0;800
200800029502;8;6;21;1720;1;2;1;1;1;131;17 RUE DU CHATEAU;M;4939000.0;341000.0;20
200800029506;8;6;15;1145;1;1;1;1;3;548;;M;0.0;0.0;20
200800029526;8;6;4;1630;1;2;1;1;6;22;99 rue Louis Vallon;M;4922900.0;250500.0;600
200800029528;8;6;18;1545;1;1;1;1;3;430;;M;4932400.0;293700.0;600
200800029565;8;6;28;1600;1;1;1;1;6;56;;M;4907500.0;58600.0;270
200800029571;8;6;11;1500;1;1;1;1;1;648;;M;4926800.0;111700.0;270
200800029581;8;6;23;2045;1;1;1;1;3;128;;M;4830900.0;-171800.0;350
200800029601;8;6;10;1045;1;2;1;1;3;125;Faubourg de Nantes CD178;M;0.0;0.0;350
200800029608;8;6;11;845;1;1;1;1;3;300;;M;4827200.0;-279100.0;220
200800029609;8;6;9;1645;1;2;2;1;3;186;rue des villes meliguens;M;0.0;0.0;220
200800029611;8;6;26;1415;1;2;1;1;3;176;Rue de la Vallee;M;4847200.0;-276100.0;220
200800029637;8;6;7;1300;1;1;1;1;1;191;;M;4847000.0;-374500.0;290
200800029639;8;6;10;1330;1;1;3;1;3;204;;M;4849600.0;-416500.0;290
200800029640;8;6;10;1715;1;1;6;1;2;10;;M;4851800.0;-411400.0;290
200800029666;8;6;14;915;1;1;1;1;2;431;;M;4906600.0;-8400.0;140
200800029668;8;6;30;1845;1;2;1;1;3;478;face au 45 rue grande;M;4902300.0;41100.0;140
200800029673;8;6;12;1145;1;1;1;1;3;352;;M;0.0;0.0;140
200800029676;8;6;27;2000;1;2;1;1;1;27;;M;0.0;0.0;500
200800029682;8;6;22;1015;1;2;1;1;2;412;RUE HELLOUIN;M;4933900.0;-169600.0;500
200800029694;8;6;11;1315;1;1;9;1;3;93;;M;0.0;0.0;610
200800029713;8;6;14;1115;1;2;1;1;3;128;RUE PONT ST CLAIR RUE HA;M;4753100.0;-195100.0;440
200800029719;8;6;24;1315;1;2;1;1;3;154;Avenue Emile Turbe;M;0.0;0.0;440
200800029751;8;6;5;1530;1;1;1;1;1;183;;M;4751600.0;-94200.0;490
200800029757;8;6;29;1715;1;2;1;1;3;16;13 grande rue;M;0.0;0.0;530
200800029760;8;6;27;1215;1;2;1;1;1;269;23 rue docteur leroy;M;0.0;0.0;720
200800029803;8;6;24;1230;1;2;1;1;1;226;103 rue Georges Clemence;M;0.0;0.0;850
200800029804;8;6;28;1715;1;2;6;1;2;222;ront point de l'Ecluse;M;0.0;0.0;850
200800029816;8;6;10;1730;1;2;1;1;3;162;avenue jean mermoz;M;0.0;0.0;330
200800029840;8;6;28;1030;1;2;1;1;2;314;Quai LEON PERRIER;M;4520300.0;-74900.0;330
200800029842;8;6;10;945;1;1;1;1;6;174;;M;4492600.0;-27100.0;330
200800029899;8;6;24;1045;1;1;1;1;5;527;;M;4333500.0;-146500.0;640
200800029917;8;6;21;2215;3;1;1;1;5;159;;M;4621400.0;70200.0;860
200800029942;8;6;24;1015;1;1;1;1;2;385;;M;0.0;0.0;170
200800029969;8;6;25;1400;1;1;1;1;1;56;;M;0.0;0.0;790
200800029972;8;6;25;1000;1;1;1;1;3;353;;M;0.0;0.0;790
200800029980;8;6;8;1600;1;1;1;1;1;133;;M;4620400.0;135900.0;870
200800029999;8;6;19;730;1;2;1;1;1;417;rue de la gare/impasse d;M;4362500.0;128700.0;310
200800030046;8;6;9;1330;1;1;1;1;3;208;;M;4393800.0;60100.0;320
200800030070;8;6;21;1100;1;1;1;1;2;399;;M;0.0;0.0;650
200800030073;8;6;22;1000;1;1;1;1;1;320;;M;0.0;0.0;650
200800030108;8;6;18;1630;1;1;1;1;1;203;;M;0.0;0.0;690
200800030172;8;6;21;830;1;1;1;1;6;267;;M;4488000.0;426100.0;70
200800030179;8;6;22;1145;1;1;1;1;1;105;;M;4445500.0;537200.0;260
200800030180;8;6;23;845;1;1;1;1;2;104;;M;4444100.0;537000.0;260
200800030190;8;6;20;2045;1;2;6;7;1;158;rue francois quesnay;M;4515700.0;573600.0;380
200800030213;8;6;22;1115;1;1;2;1;3;76;;M;4559800.0;547700.0;380
200800030215;8;6;17;1415;1;2;2;1;3;201;ROUTE DE CASSON;M;0.0;0.0;440
200800030222;8;6;4;1200;1;1;1;2;3;295;;M;4540500.0;332400.0;420
200800030245;8;6;24;1900;1;2;1;1;1;182;Rue St Paul;M;0.0;0.0;740
200800030247;8;6;24;2300;3;1;1;1;3;104;;M;0.0;0.0;740
200800030249;8;6;12;2115;1;1;1;1;6;160;;M;0.0;0.0;740
200800030253;8;6;14;1430;1;2;1;1;6;56;route des nants;M;0.0;0.0;740
200800030259;8;6;23;1730;1;2;1;1;1;173;Allee des Frenes;M;0.0;0.0;740
200800030325;8;6;7;1845;1;1;1;1;3;174;;M;4515900.0;248000.0;150
200800030327;8;6;25;1500;1;1;1;1;6;68;;M;4496800.0;316300.0;150
200800030345;8;6;24;1845;1;1;1;1;3;137;;M;0.0;0.0;570
200800030351;8;6;8;1615;1;2;1;1;1;274;24A RUE DE NIEDERVISSE;M;0.0;0.0;570
200800030382;8;6;30;1400;1;1;1;1;2;80;;M;0.0;0.0;540
200800030393;8;6;4;1330;1;2;1;1;2;90;rue des AFN;M;0.0;0.0;880
200800030397;8;6;27;1800;1;2;1;1;3;212;Rue AMPHITHEATRE;M;0.0;0.0;880
200800030403;8;6;20;1530;1;2;9;1;2;498;33 rue du centre;M;4798200.0;663700.0;880
200800030405;8;6;11;1745;1;1;2;1;3;408;;M;4795800.0;662900.0;880
200800030430;8;6;10;1500;1;1;1;1;3;544;;M;4903300.0;792300.0;670
200800030432;8;6;18;1600;1;2;1;1;3;544;Rue de l'industrie;M;4903700.0;794600.0;670
200800030447;8;6;19;645;1;2;1;1;3;154;rue des 3 frontieres;M;0.0;0.0;680
200800030453;8;6;22;1730;1;1;1;1;7;171;;M;4794700.0;696300.0;680
200800030480;8;6;11;1415;1;2;1;1;3;96;Rue voie neuve;M;0.0;0.0;100
200800030486;8;6;26;1215;1;1;1;1;3;296;;M;0.0;0.0;100
200800030493;8;6;20;1630;1;2;3;1;1;205;RUE DE L ETAPE;M;0.0;0.0;520
200800030496;8;6;1;1115;1;2;3;1;3;58;rue de l'orme D167;M;0.0;0.0;520
200800030501;8;6;11;700;1;1;1;1;2;331;;M;0.0;0.0;520
200800030524;8;6;20;2300;3;2;1;1;2;261;gue bottron;M;4740800.0;295100.0;580
200800030558;8;6;14;1815;1;2;9;1;3;206;;M;4798300.0;342400.0;890
200800030575;8;6;13;1400;1;2;1;1;6;190;20 rue de fesches;M;0.0;0.0;250
200800030582;8;6;14;915;1;2;1;1;1;382;;M;4736700.0;612100.0;250
200800030591;8;6;27;1700;1;1;6;1;3;514;;M;0.0;0.0;250
200800030618;8;6;13;830;1;2;1;1;3;60;Avenue Jean Petit;M;4348200.0;550600.0;130
200800030643;8;6;13;1400;1;1;1;1;1;45;;M;4386100.0;556300.0;40
200800030647;8;6;11;1545;1;1;1;1;1;209;;M;4421500.0;596500.0;40
200800030749;8;6;27;1730;1;1;1;1;1;327;;M;0.0;0.0;340
200800030760;8;6;8;1145;1;2;1;1;3;69;avenue General de GAULLE;M;4339800.0;310200.0;340
200800030764;8;6;23;945;1;1;1;1;2;299;;M;4329700.0;329300.0;340
200800030779;8;6;18;1545;1;2;1;1;1;185;bld de la promenade;M;4309000.0;262000.0;110
200800030811;8;6;27;845;1;1;1;1;1;167;;M;4427600.0;418000.0;300
200800030822;8;6;26;1930;1;1;1;1;1;42;;M;4455900.0;350400.0;480
200800030826;8;6;2;1045;1;1;1;1;7;171;;M;0.0;0.0;660
200800030830;8;6;23;1645;1;2;1;1;1;8;avenue Moliere;M;0.0;0.0;660
200800030869;8;6;4;1600;1;2;1;1;3;516;75 route des chaises;M;0.0;0.0;780
200800030892;8;6;25;15;5;2;1;1;7;272;;M;0.0;0.0;910
200800030895;8;6;1;1245;1;1;6;1;3;308;;M;0.0;0.0;950
200800030904;8;6;25;1245;1;2;1;1;5;238;1 residence bicetre;M;4893000.0;312400.0;770
200800030906;8;6;12;1730;1;2;1;1;1;192;27 avenue Pasteur;M;4870800.0;286900.0;770
200800030913;8;6;22;1100;1;1;1;1;3;308;;M;4903000.0;276800.0;770
200800030929;8;6;19;1400;1;2;1;1;1;53;boulevard buyser;M;0.0;0.0;450
200800030949;8;6;1;1100;1;1;4;1;1;298;;M;4859600.0;155100.0;280
200800030963;8;6;29;2000;1;1;1;1;3;60;;M;4648200.0;194000.0;360
200800030983;8;6;23;2030;1;1;1;1;1;257;;M;0.0;0.0;410
200800031084;8;6;1;1215;1;1;1;1;3;10;;M;4892000.0;193300.0;780
200800031139;8;6;1;1745;1;2;1;1;3;278;54 RUE DES GRANGES;M;4608900.0;653400.0;740
200800031143;8;6;30;1730;1;1;1;1;6;164;;M;4611600.0;650300.0;740
200800031181;8;6;25;1030;1;2;1;1;3;91;carrefour CD 14 - CD 412;M;0.0;0.0;830
200800031209;8;6;19;1855;1;2;1;1;6;53;33, PONT DES CHEVRES (RU;;;;10
200800031211;8;6;28;1215;1;2;3;1;3;53;sns, VIELLE ( RUE DE LA;;;;10
200800031212;8;6;21;2035;1;2;1;1;3;283;3, PRIMEVERES (RUE DES);;;;10
200800031231;8;6;4;1205;1;2;3;1;3;95;0, BARTINS (CHEMINS DES);;;;30
200800031236;8;6;19;1710;1;2;6;1;3;95;73, HUIT MAI 1945 (BOULE;;;;30
200800031243;8;6;30;1140;1;2;3;1;3;112;3, MORT D'IMBERT (MTE. D;;;;40
200800031252;8;6;12;850;1;2;1;1;3;4;WYLLIE AV.JAMES;;;;60
200800031257;8;6;26;1245;1;2;1;1;6;4;ILETTE AV.DE L';;;;60
200800031266;8;6;10;1410;1;2;1;1;6;27;16, FRENES RUE DES;;;;60
200800031269;8;6;13;1015;1;2;1;1;2;123;FLOTS BLEUS PROMENADE DE;;;;60
200800031273;8;6;27;730;1;2;1;1;3;27;27, ALPES AVENUE DES;;;;60
200800031379;8;6;10;1355;1;2;1;1;6;88;89, CYRNOS (AV. ET ESC.);;;;60
200800031384;8;6;12;950;1;2;1;1;3;88;38, GALLIENI (AV.);;;;60
200800031428;8;6;21;930;1;2;1;1;3;88;0, COMBATTANTS D'AFN (RU;;;;60
200800031432;8;6;21;2025;1;2;3;1;3;88;348, TURIN (RTE DE);;;;60
200800031441;8;6;24;800;1;2;1;1;3;88;0, JOFFRE (R. MARECHAL);;;;60
200800031458;8;6;28;955;1;2;1;1;5;88;233, CALIFORNIE (AV.) (A;;;;60
200800031474;8;6;7;1555;1;2;1;1;6;387;106, BLANQUI (RUE);;;;100
200800031475;8;6;10;1210;1;2;6;1;2;343;COOPERATIVE (RUE DE LA );;;;100
200800031476;8;6;10;1215;1;2;1;1;3;387;MARECHAL DE LATTRE DE TA;;;;100
200800031487;8;6;14;1640;1;2;1;2;3;262;AUSSOU (RUE DE L');;;;110
200800031499;8;6;2;1805;1;2;9;1;3;145;LAURET EMILE (BOULEVARD);;;;120
200800031503;8;6;27;1720;1;2;1;1;1;145;LEVEZOU (BOULEVARD DU);;;;120
200800031515;8;6;12;1040;1;2;3;1;3;4;CAMARGUE AVENUE DE LA;;;;130
200800031517;8;6;22;1030;1;1;1;1;5;4;0, R.D.N33B ROUTE DE BAR;;;;130
200800031519;8;6;30;1015;1;2;6;1;3;4;38, ROND POINT DE LA ROS;;;;130
200800031522;8;6;2;1000;1;2;1;1;6;28;10, BODIN (AVENUE EMILE);;;;130
200800031530;8;6;17;1030;1;2;6;2;3;47;NELSON MANDELA ROND POIN;;;;130
200800031612;8;6;5;845;1;2;3;1;3;55;15, SAINT BARNA (AVENUE);;;;130
200800031655;8;6;5;1135;1;2;1;1;3;55;247, SAINT MARCEL (BOULE;;;;130
200800031669;8;6;23;1930;1;2;3;1;3;55;GATONS (RUE);;;;130
200800031672;8;6;19;1045;1;2;1;1;3;55;57, COQ (RUE DU);;;;130
200800031683;8;6;14;1930;1;2;3;1;6;55;SAINT PIERRE (RUE);;;;130
200800031739;8;6;11;500;2;2;1;1;3;55;PRADO (AVENUE);;;;130
200800031802;8;6;26;1730;1;2;2;1;7;55;15, SAINT MENET (AVENUE;;;;130
200800031839;8;6;30;840;1;1;3;1;3;71;xxx, ROUTE NATIONALE 368;;;;130
200800031842;8;6;5;1600;1;2;1;1;2;327;0, GAULLE (AVENUE DU GEN;;;;140
200800031849;8;6;13;855;1;2;1;1;6;118;99, CAPONIERE (RUE <=  1;;;;140
200800031857;8;6;11;1830;1;2;2;1;3;117;GUILLAUME LE CONQUERANT;;;;140
200800031864;8;6;27;1850;1;2;1;1;6;14;VERDUN (BOULEVARD DE);;;;150
200800031870;8;6;8;1610;1;2;6;1;7;299;172990066, BRILLOUET RUE;;;;170
200800031874;8;6;15;1210;1;2;6;1;3;299;172990303, POUZET BOULEV;;;;170
200800031881;8;6;3;1647;1;2;1;1;7;300;MAIL   ALLEE DU;;;;170
200800031883;8;6;4;1530;1;2;9;1;6;300;17, VERRERIE   RUE DE LA;;;;170
200800031892;8;6;11;1235;1;2;1;1;6;300;GARGOULLEAU   RUE;;;;170
200800031893;8;6;13;850;1;2;1;1;6;300;194, LACROIX   RUE MARIU;;;;170
200800031896;8;6;17;1215;1;2;1;1;2;200;12, MOISY   AVENUE DU RE;;;;170
200800031902;8;6;23;840;1;2;6;1;3;300;MONNET   AVENUE JEAN;;;;170
200800031915;8;6;22;115;3;2;1;1;6;306;0, GRANDE CONCHE (DE LA);;;;170
200800031916;8;6;22;1140;1;2;1;1;2;306;HEDDE (AVENUE DANIEL);;;;170
200800031924;8;6;13;1320;1;2;1;1;2;415;PALISSY PONT;;;;170
200800031934;8;6;9;1753;1;2;1;1;6;33;27, VERLAINE (RUE PAUL);;;;180
200800031942;8;6;27;700;1;2;3;7;3;205;SANS, BERRY-BOUY (ROUTE;;;;180
200800031956;8;6;20;1225;1;2;1;1;7;31;RIVET (AVENUE JEAN CHARL;M;4515083.0;449945.0;190
200800031977;8;6;12;1748;1;2;6;3;3;278;AHUY (D') (ROUTE);;;;210
200800031984;8;6;19;1233;1;2;2;1;3;231;5, LAMONNOYE (RUE);;;;210
200800031990;8;6;25;1215;1;2;2;1;3;231;JEAN JAURES (AVENUE);;;;210
200800031993;8;6;27;930;1;2;1;1;2;231;30, AUXONNE (D') (RUE);;;;210
200800031999;8;6;30;1325;1;2;3;1;2;231;15, BOUDRONNEE (DE LA) (;;;;210
200800032006;8;6;8;34;5;2;2;1;3;278;0, SAINT-GOUENO (ET COUR;;;;220
200800032009;8;6;20;1725;1;2;1;1;3;278;0, VALLES (JULES);;;;220
200800032023;8;6;2;853;1;2;9;1;3;56;SANS, CHAR  RUE RENE;;;;250
200800032032;8;6;16;1604;1;2;1;2;3;56;4, TARRAGNOZ FAUBOURG;;;;250
200800032034;8;6;17;1733;1;2;1;1;3;56;sans, MITTERAND AVENUE F;;;;250
200800032044;8;6;18;648;2;1;1;1;2;198;ROCHEMAURE (ROUTE DE);;;;260
200800032052;8;6;26;850;1;2;1;1;6;281;IGNORE, DORMOY MARX (BOU;;;;260
200800032059;8;6;16;742;1;2;3;1;3;362;SANS N°, CHABEUIL ROUTE;;;;260
200800032069;8;6;7;1620;1;2;1;1;2;229;18, RUGBY (RUE DE);;;;270
200800032082;8;6;12;1640;1;2;1;1;6;681;CLEMENCEAU (PONT);;;;270
200800032084;8;6;17;1240;1;2;3;1;6;681;PARIS (AVENUE DE);;;;270
200800032128;8;6;25;1855;1;2;1;1;3;19;10, HUGO VICTOR (DE 1 A;;;;290
200800032172;8;6;13;1540;1;2;6;1;6;189;., PITOT (RUE);M;4384583.0;345699.0;300
200800032185;8;6;26;855;1;2;6;1;6;189;., VICTOR PAUL EMILE  (R;M;4381795.0;434795.0;300
200800032208;8;6;5;700;1;2;1;1;2;555;173, AV DES MINIMES;;;;310
200800032210;8;6;5;1615;1;2;1;1;3;555;999, ALL DE BELLEFONTAIN;;;;310
200800032241;8;6;18;745;1;2;1;1;3;555;999, AV CAMILLE PUJOL;;;;310
200800032246;8;6;18;1650;1;2;1;1;1;555;RTE DE BLAGNAC;;;;310
200800032248;8;6;19;1740;1;2;1;1;3;555;37, BD MATABIAU;;;;310
200800032269;8;6;27;1630;1;2;1;1;1;555;44, AV DES MINIMES;;;;310
200800032280;8;6;20;955;1;2;6;2;3;13;rond point des justes;;;;320
200800032287;8;6;22;1335;5;2;1;2;6;529;., LECLERC (AVE DU GAL);;;;330
200800032294;8;6;4;950;1;2;1;1;2;63;14, CRS PORTAL;;;;330
200800032317;8;6;12;930;1;2;1;1;2;63;68, RUE DE LA CROIX BLAN;;;;330
200800032318;8;6;12;815;1;2;3;1;3;63;CRS DE VERDUN;;;;330
200800032326;8;6;14;1550;1;2;1;1;3;63;QUAI LOUIS XVIII;;;;330
200800032336;8;6;14;1000;1;2;6;1;2;119;AVE RENE CASSAGNE;;;;330
200800032347;8;6;20;740;1;2;2;1;3;63;RUE CARPENTEYRE;;;;330
200800032349;8;6;20;915;1;2;2;1;3;63;CRS DE L'ARGONNE;;;;330
200800032350;8;6;21;905;1;2;1;1;4;63;350, AVE MAL DE LATTRE T;;;;330
200800032352;8;6;17;2226;2;2;1;1;3;318;20, AVE DE LA CHATAIGNER;;;;330
200800032354;8;6;23;1930;1;2;6;1;3;63;PCE RENE MARAN;;;;330
200800032355;8;6;24;1615;1;2;1;8;3;63;127, CRS DE L'YSER;;;;330
200800032386;8;6;28;204;5;2;1;1;2;522;23 bis, CRS GAMBETTA;;;;330
200800032425;8;6;3;824;1;2;2;1;3;172;SANS, ANTIGONE (BOULEVAR;;;;340
200800032426;8;6;3;1340;1;2;3;1;1;172;PARGUEL (AVENUE ABBE PAU;;;;340
200800032435;8;6;10;850;1;2;2;1;3;172;108, JUVENAL (PONT);;;;340
200800032438;8;6;11;1650;1;2;1;1;7;172;1500, VILLENEUVE-ANGOULE;;;;340
200800032439;8;6;12;1423;1;2;3;1;1;172;., MAURIN (AVENUE DE;M;4359151.0;387363.0;340
200800032443;8;6;14;1105;1;2;2;1;3;172;sans, MAURIN (AVENUE DE;;;;340
200800032444;8;6;14;1520;1;2;1;1;3;172;MARIE DE MONTPELLIER;M;4360071.0;389766.0;340
200800032446;8;6;15;11;5;2;1;1;7;198;sans, ADRETS (AVENUE DES;M;4356555.0;394113.0;340
200800032468;8;6;27;1525;1;2;1;1;3;172;663, PRE AUX CLERCS (RUE;M;4362578.0;387172.0;340
200800032469;8;6;27;1544;1;2;6;1;3;172;APPEL DU 18 JUIN (ROND-P;;;;340
200800032499;8;6;11;1720;1;2;2;1;7;238;00, VILLEBOIS MAREUIL (B;;;;350
200800032503;8;6;13;1550;1;2;2;1;7;238;20, LEROUX (BD OSCAR);;;;350
200800032508;8;6;17;755;1;2;2;1;3;238;00, GAYEULLES (AVENUE DE;;;;350
200800032516;8;6;20;2303;5;2;1;1;6;238;06, ESPINAY (ALLEE CHARL;;;;350
200800032521;8;6;23;1200;1;2;2;1;3;238;00, BRIAND (AVENUE ARIST;;;;350
200800032526;8;6;26;1100;1;2;1;1;7;238;00, FREVILLE (AVENUE HEN;;;;350
200800032550;8;6;26;1712;1;2;1;1;6;44;82, RASPAIL;;;;360
200800032554;8;6;26;2045;1;2;2;1;3;261;ALCUIN (ALLEE);;;;370
200800032557;8;6;1;1540;1;2;1;1;6;185;119, COURS JEAN JAURÈS;;;;380
200800032562;8;6;3;845;1;2;1;1;1;185;00, RUE THIERS;;;;380
200800032563;8;6;5;2240;5;2;1;2;3;185;00, RUE DE STALINGRAD;;;;380
200800032565;8;6;6;1930;1;2;1;1;3;151;0, RUE DES MONTAGNE DE L;;;;380
200800032569;8;6;11;1705;1;2;1;2;3;185;86, RUE ABBÉ GRÉGOIRE;;;;380
200800032575;8;6;15;1045;1;2;1;1;3;185;00, AVENUE FÉLIX VIALLET;;;;380
200800032579;8;6;19;1630;1;2;1;1;3;185;24 bis, AVENUE FÉLIX VIA;;;;380
200800032598;8;6;7;1550;1;2;1;1;5;88;133, SAINT-VINCENT DE PA;;;;400
200800032602;8;6;29;1330;1;2;1;1;6;192;316, FOCH (AV DU MARECHA;;;;400
200800032605;8;6;6;1820;1;2;2;1;3;18;VENDOME (AVENUE DE);;;;410
200800032611;8;6;10;1700;1;2;1;1;3;18;GUTEMBERG (RUE);;;;410
200800032632;8;6;16;900;1;2;1;1;6;187;12, MULSANT (RUE);;;;420
200800032633;8;6;21;1535;1;2;1;1;3;187;20, RAFFIN (RUE ALEXANDR;;;;420
200800032687;8;6;16;745;1;2;6;1;1;109;PLACE VICTOR MANGIN;;;;440
200800032690;8;6;17;1340;1;2;1;1;6;143;133, RUE ARISTIDE BRIAND;;;;440
200800032717;8;6;10;810;1;2;1;1;3;184;29, MONTAGNE (ROUTE DE L;;;;440
200800032723;8;6;16;1800;1;2;6;1;3;184;EUROPE (BOULEVARD DE L');;;;440
200800032734;8;6;9;2045;1;2;3;1;3;234;HAUTS CHAMPS (RUE DES );;;;450
200800032739;8;6;17;825;1;2;2;1;3;234;REPUBLIQUE (RUE DE LA);;;;450
200800032746;8;6;18;745;1;2;1;1;7;42;565, F.T.P. ET DU 8E R.I;;;;460
200800032756;8;6;4;912;1;2;1;1;7;7;0, COLOMBIER CITE ET RUE;;;;490
200800032759;8;6;6;2126;1;2;1;1;3;7;0, HARAS ALLEE ET RUE;;;;490
200800032760;8;6;7;1344;1;2;1;1;3;7;0, MADELEINE;;;;490
200800032783;8;6;23;2228;5;2;1;1;7;7;0, CHEF DE VILLE;;;;490
200800032796;8;6;27;1353;1;2;1;1;7;7;0,  MAJOR ALLARD;;;;490
200800032800;8;6;30;1756;1;2;1;1;3;7;0, ROI RENE BOULEVARD;;;;490
200800032802;8;6;11;920;1;2;1;1;7;7;0, BERANGER;;;;490
200800032809;8;6;7;945;1;2;1;1;2;328;22, LECLERC (RUE DU MARE;;;;490
200800032824;8;6;17;1110;1;2;1;1;6;129;0, MILLET (AVENUE JEAN-F;;;;500
200800032837;8;6;20;1745;1;2;1;1;3;108;88 BIS, SEMARD (AVE PIER;;;;510
200800032842;8;6;23;645;1;2;6;1;3;230;1, BRAHMS (RUE JOHANNES);;;;510
200800032845;8;6;10;1310;1;2;1;1;6;454;68, COURCELLES (RUE DE);;;;510
200800032867;8;6;3;915;1;2;3;1;3;329;0, RUE RIVOLET;;;;540
200800032873;8;6;9;1320;1;2;3;1;3;257;1, SONGEUR (RUE LEON);;;;540
200800032874;8;6;11;1730;1;1;1;1;1;482;1, MEURTHE (ALLEE DE LA);;;;540
200800032885;8;6;21;1145;1;2;1;1;6;274;21, HEILLECOURT (RUE D');;;;540
200800032886;8;6;23;920;1;2;1;1;3;526;6, MOULIN (RUE JEAN);;;;540
200800032887;8;6;24;1915;1;1;1;1;2;300;RN 4;;;;540
200800032889;8;6;24;1812;1;2;3;1;2;395;1, ALBERT 1ER  (BD);;;;540
200800032893;8;6;19;1010;1;2;3;1;3;431;ILE D'ESCH;;;;540
200800032905;8;6;4;2135;2;2;1;1;7;545;23, EPARGES ( AVENUE DES;;;;550
200800032907;8;6;1;1553;1;2;1;1;3;162;., LE VIEUX MOULIN DU TE;;;;560
200800032923;8;6;18;1552;1;2;1;1;2;83;., LOCHRIST ( ROUTE DE );;;;560
200800032927;8;6;21;1803;1;2;6;1;3;121;., BIR-HAKEIM ( RD-PT );;;;560
200800032930;8;6;24;1050;1;2;1;1;7;162;., ATLANTIQUE (RUE D');;;;560
200800032931;8;6;25;1745;1;2;1;1;3;121;., SCORFF ( BD DU );;;;560
200800032946;8;6;30;1335;1;2;1;1;7;260;., CHURCHILL(RUE WINSTON;;;;560
200800032968;8;6;25;1725;1;2;1;1;3;463;00, PONT ROUGE (RUE DU );;;;570
200800032970;8;6;26;1810;1;2;3;1;3;480;00, PHILIPPE COLSON (RUE;;;;570
200800032984;8;6;10;840;1;2;1;1;3;666;72, VERDUN (ROUTE DE);;;;570
200800032994;8;6;23;1840;1;2;1;1;3;672;6, WELVERT (RUE);;;;570
200800032995;8;6;21;1110;1;2;1;1;3;757;81, Nations (Avenue);;;;570
200800033007;8;6;24;1520;1;2;1;1;6;194;19, PIERRE BEREGOVOY;;;;580
200800033008;8;6;8;1420;1;2;3;1;1;24;24, AUXERRE (RUE D');;;;590
200800033046;8;6;5;1045;1;2;3;1;3;9;001, PAIX RUE DE LA;;;;590
200800033052;8;6;5;1900;1;2;1;2;6;507;07, MARNE AVENUE DE LA;;;;590
200800033057;8;6;9;1710;1;2;1;1;6;9;06, GOUNOD CHARLES RUE;;;;590
200800033061;8;6;10;1410;1;2;1;1;3;9;116, JAURES JEAN RUE;;;;590
200800033063;8;6;11;800;1;2;1;1;3;378;001, MARNE AVENUE DE LA;;;;590
200800033067;8;6;11;1845;1;2;1;1;3;9;25, COUTUME RUE DE LA;;;;590
200800033073;8;6;5;830;1;2;1;1;6;350;291B, DUNKERQUE AVENUE;;;;590
200800033089;8;6;21;1840;1;2;4;1;3;527;203, LECLERC RUE DU GENE;;;;590
200800033099;8;6;25;1930;1;2;1;1;6;368;DE GAULLE RUE DU GENERAL;;;;590
200800033108;8;6;28;2035;1;2;3;1;3;350;ALSACE BOULEVARD D;;;;590
200800033110;8;6;29;1730;1;1;1;1;6;350;27, JAURES JEAN RUE;;;;590
200800033127;8;6;5;1010;1;2;3;1;3;512;DELORY  (AVENUE GUSTAVE);;;;590