Num_Acc;an;mois;jour;hrmn;lum;agg;int;atm;col;com;adr;gps;lat;long;dep
200800033145;8;6;27;1600;1;1;2;1;3;163;RIEZ (RUE DU);;;;590
200800033150;8;6;23;1745;1;1;1;1;1;646;MARNE (AVENUE DE LA);;;;590
200800033160;8;6;22;1530;1;2;1;1;1;456;CHEMIN CAVALIER(LIEU DIT;;;;590
200800033178;8;6;20;1310;1;1;1;1;2;447;RD 935 N;;;;590
200800033181;8;6;19;1350;1;2;1;1;6;32;34, BREL (VILLA JACQUES);;;;590
200800033182;8;6;18;1420;1;2;1;1;6;606;POILUS (RUE DES);;;;590
200800033195;8;6;3;910;1;2;3;3;3;6;aucun, CHAMPAGNE (RUE DE;;;;610
200800033198;8;6;4;1300;1;2;1;1;3;391;45, ANDRE LETARD (RUE);;;;610
200800033207;8;6;9;1315;1;1;1;1;6;570;D 262;;;;620
200800033213;8;6;17;1145;1;2;6;1;3;108;1, PARIS;;;;620
200800033224;8;6;4;1200;1;2;9;1;2;193;STRASBOURG (RUE DE);;;;620
200800033226;8;6;11;845;1;2;1;1;6;193;ROGER SALENGRO (AVENUE);;;;620
200800033229;8;6;23;730;1;2;1;1;6;193;CURIE (BOULEVARD);;;;620
200800033238;8;6;16;1215;1;2;1;1;6;427;219, ABBAYE (R DE L' );;;;620
200800033240;8;6;2;1220;1;2;1;1;6;498;41, FOSSE 12 (AV. DE LA);;;;620
200800033257;8;6;24;1535;1;2;1;1;6;737;109, NATIONALE (ROUTE) C;;;;620
200800033262;8;6;3;1000;1;2;2;1;3;113;1, GIROD (RUE JOSEPH);;;;630
200800033300;8;6;27;500;1;2;1;1;6;113;10, JAUDE PLACE DE);;;;630
200800033344;8;6;9;40;5;2;2;2;6;445;1, ALSACE LORRAINE D';;;;640
200800033358;8;6;23;820;1;2;6;1;3;445;0, DROITS DE L' HOMME DE;;;;640
200800033364;8;6;21;330;5;2;6;1;2;445;1, COMMUNE DE LA;;;;640
200800033412;8;6;3;1924;1;2;2;1;3;482;00, LOUIS PASTEUR (QUAI);;;;670
200800033420;8;6;8;1455;1;2;1;1;3;482;FRANCHE COMTE (RUE DE);;;;670
200800033423;8;6;9;2045;1;2;1;1;1;482;13, BRANTOME (RUE);;;;670
200800033424;8;6;10;1424;1;2;1;1;3;482;0, POLYGONE (ROUTE DU);;;;670
200800033426;8;6;11;1240;1;2;2;1;6;482;GENERAL KOENIG (QUAI DU);;;;670
200800033428;8;6;11;2045;1;2;2;1;3;482;0, PRESIDENT WILSON (BOU;;;;670
200800033434;8;6;13;1800;1;2;1;1;1;482;JEAN GIRAUDOUX (RUE);;;;670
200800033437;8;6;18;1700;1;2;3;1;3;218;0, LYON (RTE DE);;;;670
200800033439;8;6;18;1920;1;2;3;1;3;482;0, HEIDENBERG (RUE);;;;670
200800033440;8;6;19;2015;1;2;1;1;2;482;FORET NOIRE (AVENUE DE L;;;;670
200800033443;8;6;20;1840;1;2;2;1;3;482;FORET NOIRE (AVENUE DE L;;;;670
200800033444;8;6;20;2025;1;2;1;1;6;482;21, FRIEDOLSHEIM (RUE DE;;;;670
200800033446;8;6;23;1500;1;2;2;1;3;482;0, VERDUN (RUE DE);;;;670
200800033451;8;6;26;1410;1;2;2;1;3;218;0, MAÇONS (RUE DES);;;;670
200800033452;8;6;26;1715;1;2;1;1;6;482;269B, COLMAR (AVENUE DE);;;;670
200800033455;8;6;27;1730;1;2;1;1;2;482;7, NANCY (BOULEVARD DE);;;;670
200800033457;8;6;27;1835;1;2;1;1;1;482;HAGUENAU (PLACE DE);;;;670
200800033462;8;6;2;742;1;2;1;1;3;66;4, GALZ (RUE DU);;;;680
200800033464;8;6;17;1814;1;1;1;2;3;66;5, GRILLENBREIT (RUE DU);;;;680
200800033466;8;6;18;1537;1;2;2;1;3;66;ROUFFACH (ROUTE DE);;;;680
200800033467;8;6;18;1245;1;2;6;1;3;66;35.309, DE GAULLE (AVENU;;;;680
200800033468;8;6;20;1735;1;2;1;1;6;66;1, RAPP (PLACE);;;;680
200800033469;8;6;25;705;1;2;2;1;3;66;1, BELGES (RUE DES );;;;680
200800033470;8;6;25;1215;1;2;2;1;3;66;13, SCHUMANN (RUE);;;;680
200800033472;8;6;17;1620;1;2;1;1;6;112;133, DECK, Théodore (rue;;;;680
200800033480;8;6;19;2015;1;2;2;1;3;224;EUROPE (BOULEVARD DE L');;;;680
200800033498;8;6;3;2230;5;2;1;1;3;91;20, SEMARD (PIERRE) ( R;;;;690
200800033502;8;6;25;1050;1;2;1;1;2;152;45, JULES GUESDE;;;;690
200800033533;8;6;25;815;1;2;2;1;3;266;., RUE LOUIS BRAILLE;;;;690
200800033540;8;6;27;1840;1;2;1;1;3;475;24, MARCEL PAGNOL (RUE);;;;710
200800033542;8;6;12;1445;1;2;2;1;3;153;VERDUN (AVENUE DE);;;;710
200800033572;8;6;13;1100;1;2;1;1;7;181;LAIGNE RUE DE N° IMP 115;;;;720
200800033584;8;6;26;32;3;2;1;1;6;11;0, SAINT SEBASTIEN (MONT;;;;730
200800033592;8;6;22;1115;1;2;1;1;6;10;90, MARQUISATS (AVENUE D;;;;740
200800033597;8;6;22;1730;1;2;5;9;6;281;LIBERATION (AVENUE DE LA;;;;740
200800033608;8;6;26;1555;1;2;1;1;3;217;1, ARISTIDE BRIAND (RUE);;;;760
200800033627;8;6;14;1145;1;2;4;1;3;351;Néant, VERDUN;;;;760
200800033634;8;6;3;1320;1;2;1;1;1;108;42, GENERAL DE GAULLE (A;;;;770
200800033635;8;6;14;945;1;2;1;1;2;108;MENDES FRANCE (BLD PIERR;;;;770
200800033648;8;6;24;715;1;1;1;1;2;186;D138. girat.valvins à cr;;;;770
200800033665;8;6;17;1610;1;2;1;1;6;294;7, DOCTEUR INFROY (RUE D;;;;770
200800033679;8;6;3;1600;1;2;1;1;2;373;98, PRES ST MARTIN (RUE;;;;770
200800033688;8;6;19;1730;1;2;1;1;3;15;3, GARE (RUE DE LA);;;;780
200800033694;8;6;30;1845;1;2;1;1;6;297;JOULE (RUE JAMES);;;;780
200800033695;8;6;23;2020;1;2;3;2;2;297;TROUX (ROUTE DE);;;;780
200800033697;8;6;28;1320;1;2;5;1;3;358;EGLE (AVENUE);;;;780
200800033700;8;6;6;755;1;2;1;1;1;362;R.D 983;;;;780
200800033712;8;6;8;1145;1;1;1;1;6;401;D 922;;;;780
200800033757;8;6;13;1730;1;2;3;1;2;586;REPUBLIQUE (AVENUE) N° I;;;;780
200800033800;8;6;12;1605;1;2;1;2;3;21;00, MARECHAL DE LATTRE D;;;;800
200800033808;8;6;13;1830;1;2;1;1;3;21;00, LONGUEVILLE (PLACE);;;;800
200800033815;8;6;26;1520;1;2;1;1;2;21;34, JULES BARNI (RUE);;;;800
200800033817;8;6;24;1720;1;2;1;1;2;21;396, ELBEUF (RUE D');;;;800
200800033824;8;6;23;1230;1;2;1;1;3;4;155, TEYSSIER (AV DU COL;;;;810
200800033850;8;6;12;1720;1;2;1;1;2;126;PYROTECHNIE (RD POINT DE;;;;830
200800033870;8;6;14;740;1;2;1;1;2;137;DE GAULLE (CORNICHE GENE;;;;830
200800033897;8;6;11;1410;1;2;1;1;6;7;SAINT MICHEL (Boulevard);;;;840
200800033921;8;6;20;2014;1;2;1;1;6;191;0, DEFFERRE BOULEVARD GA;;;;850
200800033925;8;6;11;2005;1;2;2;1;3;194;MITTERAND (AVENUE FRANCO;;;;850
200800033926;8;6;27;900;1;2;6;1;2;194;ESTIENNE D'ORVES (R-P HO;;;;850
200800033944;8;6;4;1511;1;2;2;1;3;85;5, LARGILLIERE (ALLEE);;;;870
200800033958;8;6;11;1546;1;2;1;1;7;85;14, BRIQUET (RUE GEORGES;;;;870
200800033964;8;6;15;907;1;2;1;1;3;85;110, BEAUBREUIL (AVENUE;;;;870
200800033967;8;6;16;853;1;2;1;1;3;65;31, VALIN (AVENUE MARTIA;;;;870
200800033969;8;6;17;1502;1;2;1;1;7;85;50, GARIBALDI (AVENUE);;;;870
200800033987;8;6;28;1523;1;2;1;1;6;113;7, HUGO (RUE VICTOR);;;;870
200800034004;8;6;18;840;1;2;3;1;6;387;40, MARNE (AVENUE DE LA);;;;890
200800034005;8;6;27;1225;1;2;1;1;3;387;0, MAUPEOU (BOULEVARD);;;;890
200800034006;8;6;1;1805;1;2;1;1;2;10;69, MOULIN (AVENUE JEAN);;;;900
200800034030;8;6;25;840;1;2;1;1;3;514;CD 33;;;;910
200800034053;8;6;23;2100;1;2;1;1;7;433;2, TILLEULS (RUE DES);;;;910
200800034057;8;6;7;1330;1;2;6;1;3;228;., GALANTS COURT (RUE DE;;;;910
200800034068;8;6;9;1315;1;2;1;1;3;191;ROND POINT;;;;910
200800034071;8;6;4;1850;1;2;1;1;3;691;54, PASTEUR(RUE);;;;910
200800034075;8;6;7;1200;1;2;1;1;1;645;33, GATINES (ROUTE DES);;;;910
200800034083;8;6;26;720;2;1;4;1;3;692;TROPIQUES (AVENUE DES);;;;910
200800034102;8;6;6;1615;1;2;3;1;3;7;3, LONGUET (RUE JEAN);;;;920
200800034103;8;6;19;1400;1;2;4;1;3;7;HUGO (AVENUE VICTOR);;;;920
200800034108;8;6;5;1830;1;2;1;1;3;12;MARCEL SEMBAT (PLACE);;;;920
200800034113;8;6;17;830;1;2;2;1;1;12;QUATRE SEPTEMBRE (QUAI D;;;;920
200800034120;8;6;20;810;1;2;6;1;3;12;1, JEAN BAPTISTE CLEMENT;;;;920
200800034130;8;6;6;1830;1;2;3;1;3;23;175, PORTE DE TRIVAUX (R;;;;920
200800034132;8;6;2;1640;1;2;2;2;2;23;JEAN JAURES (AVENUE) N°5;;;;920
200800034142;8;6;17;1415;1;2;2;1;3;24;47, JEAN JAURES (BD) DE;;;;920
200800034143;8;6;26;1810;1;2;5;2;3;24;2, PROFESSEUR RENE LERIC;;;;920
200800034144;8;6;1;1625;1;2;1;1;3;25;204, VOIES DU BOIS (RUE;;;;920
200800034145;8;6;6;1405;1;2;1;1;3;25;35, GABRIEL PERI (RUE);;;;920
200800034150;8;6;24;2055;2;2;1;1;3;25;189, CHARLES DE GAULLE (;;;;920
200800034164;8;6;27;940;1;2;2;1;2;26;MISSION MARCHAND (COTE I;;;;920
200800034168;8;6;26;1605;1;2;5;1;3;35;Verdun 1916 ( avenue de;;;;920
200800034169;8;6;6;910;1;2;9;1;3;36;0, DEQUEVAUVILLIERS (BOU;;;;920
200800034199;8;6;11;1015;1;2;1;1;3;20;13, CHARTRES RUE DE;;;;920
200800034247;8;6;10;850;1;2;1;1;2;22;604, SALENGRO (AVENUE RO;;;;920
200800034258;8;6;3;1045;1;2;1;1;6;75;70, JEAN BLEUZEN;;;;920
200800034259;8;6;4;1045;1;2;1;1;7;75;66, JEAN BLEUZEN (RUE);;;;920
200800034279;8;6;13;1605;1;2;1;1;6;1;6, NOYERS (RUE DES)  =>;;;;930
200800034288;8;6;25;1130;1;2;4;1;3;1;X, LEOPOLD RECHOSSIERE (;;;;930
200800034389;8;6;21;820;1;2;2;1;1;46;69, CONSUL GENERAL NORDL;;;;930
200800034416;8;6;20;1930;1;2;2;1;3;50;LEON BLUM (AVENUE);;;;930
200800034418;8;6;23;1300;1;2;3;1;3;50;FOULQUES (RUE);;;;930
200800034421;8;6;30;720;1;2;1;1;3;50;1-9, MARECHAL FOCH (AVEN;;;;930
200800034426;8;6;23;1750;1;1;1;1;1;51;RIVE CHARMANTE (QUAI);;;;930
200800034427;8;6;30;1730;1;2;6;1;2;51;1, REMPART (BD);;;;930
200800034431;8;6;5;1120;1;2;9;1;3;53;CHASSE (RUE DE LA);;;;930
200800034435;8;6;25;1800;1;2;2;1;3;53;AVENIR (RUE DE L') N° 1;;;;930
200800034437;8;6;2;830;1;2;3;1;3;55;1, JEAN LOLIVE (AVENUE)(;;;;930
200800034441;8;6;4;1940;1;2;1;1;3;14;1, GAGNY (ALLEE DE) 7 IL;;;;930
200800034442;8;6;5;1324;1;2;1;1;3;62;17, THIERS (AVENUE);;;;930
200800034448;8;6;30;1330;1;2;1;1;3;14;1, ROMAIN ROLLAND (ALLEE;;;;930
200800034468;8;6;22;1015;1;2;1;1;6;66;130, CASANOVA DANIELLE N;;;;930
200800034485;8;6;30;1930;1;2;1;7;3;70;80, SAINT-DENIS(RUE);;;;930
200800034488;8;6;10;1630;1;2;1;1;2;71;59, SAVIGNY (CHEMIN DE);;;;930
200800034497;8;6;8;1510;1;2;1;1;2;72;87, MAXIME GORKI (BOULEV;;;;930
200800034501;8;6;25;1950;1;2;1;1;3;59;59, PASTEUR (BOULEVARD);;;;930
200800034555;8;6;22;1800;1;2;6;1;2;79;GENERAL DE GAULLE (R DU);;;;940
200800034566;8;6;7;1900;1;2;1;1;6;28;26, BILLOTTE.(AVE DU GAL;;;;940
200800034568;8;6;11;1715;1;2;1;1;6;28;53, BROSSOLETTE(AVENUE P;;;;940
200800034583;8;6;24;1910;1;2;1;1;1;28;0, CENTRALE.(ALLEE);;;;940
200800034584;8;6;28;1810;1;2;1;1;6;28;6, METIVET(RUE DOCTEUR);;;;940
200800034590;8;6;17;2100;5;2;3;1;3;33;LA FONTAINE (R);;;;940
200800034599;8;6;10;1040;1;2;9;1;3;43;FONTAINEBLEAU (AV DE);;;;940
200800034625;8;6;19;529;2;1;1;1;3;65;rue du viaduc;;;;940
200800034640;8;6;24;1625;1;2;1;1;3;41;05, PIERRE GALAIS (R);;;;940
200800034653;8;6;30;1835;1;2;9;1;3;46;00, VERDUN (AV DE);;;;940
200800034675;8;6;10;1740;1;2;2;1;3;78;FONTAINE SAINT-MARTIN (R;;;;940
200800034706;8;6;4;1645;1;2;1;1;6;18;25, VOBSENTERRE (RUE DE);;;;950
200800034707;8;6;5;1705;1;2;2;1;3;18;NORD (RUE DU);;;;950
200800034712;8;6;15;1620;1;2;2;1;5;176;5, IMBS (PLACE E.);;;;950
200800034719;8;6;20;1855;1;2;1;1;3;582;48, CHARLES DE GAULLE (B;;;;950
200800034720;8;6;24;1050;1;2;3;1;6;582;, GARE (RUE DE LA);;;;950
200800034725;8;6;27;820;1;2;9;1;6;176;20, NOYER DE L' IMAGE (R;;;;950
200800034730;8;6;6;2005;2;2;4;1;5;427;3, SAINT LEU ( ROUTE DE);;;;950
200800034738;8;6;13;1540;1;2;1;1;6;491;ALLINE (RUE ALBERT);;;;950
200800034741;8;6;21;2155;5;2;1;1;6;252;RHIN ET DANUBE (BOULEVAR;;;;950
200800034743;8;6;27;1920;1;2;1;1;6;219;6 BIS, SYNDICAT (RUE DU);;;;950
200800034754;8;6;24;1000;1;2;1;1;7;306;50, GENIE (QUAI DU);;;;950
200800034761;8;6;11;1825;1;2;1;1;3;563;74, PARIS (RUE DE);;;;950
200800034774;8;6;19;750;1;2;1;1;1;381;02, ANNONCIADE (DE L');;;;690
200800034931;8;6;14;1525;1;2;1;1;1;33;sans, ST JOSEPH - RUE;;;;202
200800034987;8;6;5;820;1;2;2;2;3;383;0, RUE SAINT MAXIMIN;;;;690
200800034995;8;6;13;1100;1;2;2;1;3;383;0, COURS ALBERT THOMAS;;;;690
200800034996;8;6;17;1715;1;2;1;1;6;386;5, COURS FRANKLIN ROOSEV;;;;690
200800035049;8;6;24;855;1;2;1;1;2;387;1, GRANDE RUE DE LA GUIL;;;;690
200800035086;8;6;3;1150;1;2;1;1;6;389;4, QUAI CHAUVEAU;;;;690
200800035161;8;6;21;1610;1;2;1;1;3;101;156, RUE DE RIVOLI;;;;750
200800035164;8;6;25;1900;1;2;2;1;6;101;PONT AU CHANGE;;;;750
200800035169;8;6;1;1600;1;2;2;8;3;102;141, BOULEVARD DE SEBAST;;;;750
200800035185;8;6;14;35;5;2;2;1;3;103;91, BOULEVARD BEAUMARCHA;;;;750
200800035189;8;6;25;1242;1;2;3;1;2;103;55, RUE DE BRETAGNE;;;;750
200800035198;8;6;9;1528;1;2;3;1;3;104;80, RUE DE RIVOLI;;;;750
200800035201;8;6;13;1910;1;2;2;1;3;104;34, RUE DE RIVOLI;;;;750
200800035207;8;6;30;1932;1;2;2;1;6;104;RUE AUBRY LE BOUCHER;;;;750
200800035208;8;6;4;1615;1;2;1;1;6;105;BOULEVARD SAINT MICHEL;;;;750
200800035217;8;6;15;1510;1;2;2;1;3;105;FACE  1, BOULEVARD SAINT;;;;750
200800035218;8;6;16;1900;1;2;1;1;6;105;RUE JUSSIEU;;;;750
200800035219;8;6;17;910;1;2;2;1;3;105;QUAI DE MONTEBELLO;;;;750
200800035229;8;6;26;1705;1;2;1;1;3;105;BOULEVARD SAINT MICHEL;;;;750
200800035236;8;6;5;2020;1;2;2;1;3;106;RUE NOTRE DAME DES CHAMP;;;;750
200800035240;8;6;11;800;1;2;1;1;3;106;33, BOULEVARD DU MONTPAR;;;;750
200800035261;8;6;10;1750;1;2;4;1;3;107;BOULEVARD RASPAIL;;;;750
200800035264;8;6;12;1750;1;2;1;1;2;107;13 bis, AVENUE DE LA MOT;;;;750
200800035291;8;6;10;2045;2;2;1;1;1;108;COURS LA REINE;;;;750
200800035300;8;6;16;1745;1;2;2;1;6;108;91, BOULEVARD MALESHERBE;;;;750
200800035302;8;6;21;1245;1;2;3;1;3;108;RUE DU HAVRE;;;;750
200800035320;8;6;5;1700;1;2;1;1;7;109;10, RUE RICHER;;;;750
200800035329;8;6;18;1945;1;2;1;1;2;109;29, BOULEVARD HAUSSMANN;;;;750
200800035330;8;6;22;1935;1;2;2;1;3;109;42, RUE LA FAYETTE;;;;750
200800035331;8;6;24;5;5;2;1;1;6;109;58, RUE DE CHATEAUDUN;;;;750
200800035335;8;6;25;1220;1;2;2;1;6;109;62, RUE LA FAYETTE;;;;750
200800035338;8;6;25;1725;1;2;2;1;6;109;104, RUE SAINT LAZARE;;;;750
200800035346;8;6;1;1745;1;2;1;1;1;110;169, QUAI DE VALMY;;;;750
200800035352;8;6;9;1715;1;2;1;1;6;110;101, BOULEVARD DE MAGENT;;;;750
200800035366;8;6;16;1755;1;2;2;1;6;110;151, QUAI DE VALMY;;;;750
200800035369;8;6;20;800;1;2;1;1;7;110;BOULEVARD DE LA CHAPELLE;;;;750
200800035370;8;6;20;1620;1;2;1;1;3;110;86, BOULEVARD DE MAGENTA;;;;750
200800035374;8;6;24;1600;1;2;1;1;1;110;31, RUE DES PETITES ECUR;;;;750
200800035388;8;6;9;1930;1;2;1;1;3;111;2, AVENUE PARMENTIER;;;;750
200800035389;8;6;10;1020;1;2;2;1;6;111;AVENUE DE LA REPUBLIQUE;;;;750
200800035392;8;6;10;2245;5;2;1;1;2;111;60, BOULEVARD BEAUMARCHA;;;;750
200800035398;8;6;18;855;1;2;1;1;2;111;119, AVENUE PHILIPPE AUG;;;;750
200800035402;8;6;19;2145;2;2;1;1;6;111;05, RUE OBERKAMPF;;;;750
200800035414;8;6;1;1220;1;2;1;1;7;112;1, ROUTE DAUPHINE;;;;750
200800035415;8;6;2;1212;1;2;1;1;3;112;6, RUE DE PRAGUE;;;;750
200800035435;8;6;13;120;5;2;3;1;1;112;PONT D AUSTERLITZ;;;;750
200800035440;8;6;16;1820;1;2;1;1;6;112;PLACE EDOUARD RENARD;;;;750
200800035448;8;6;21;905;1;2;1;1;6;112;22, COURS DE VINCENNES;;;;750
200800035449;8;6;21;1800;1;2;3;1;6;112;RUE DE REUILLY;;;;750
200800035455;8;6;25;315;5;2;1;1;6;112;AVENUE DE GRAVELLE;;;;750
200800035463;8;6;26;1520;1;2;1;1;6;112;26, AVENUE DAUMESNIL;;;;750
200800035478;8;6;3;1942;1;2;1;8;6;113;5, BOULEVARD DE L HOPITA;;;;750
200800035480;8;6;5;1715;1;2;1;1;3;113;36-40, AVENUE D ITALIE;;;;750
200800035483;8;6;9;925;1;2;1;1;7;113;40, BOULEVARD DE L HOPIT;;;;750
200800035492;8;6;17;2340;5;2;2;1;6;113;242, RUE DE TOLBIAC;;;;750
200800035493;8;6;19;1915;1;2;2;1;3;113;AVENUE DE LA PORTE D ITA;;;;750
200800035497;8;6;24;1615;1;2;1;1;2;113;35, RUE DU VAL DE MARNE;;;;750
200800035502;8;6;27;1650;1;2;1;1;6;113;BOULEVARD MASSENA;;;;750
200800035511;8;6;12;1720;1;2;2;1;3;114;33, RUE DU DEPART;;;;750
200800035526;8;6;23;1325;1;2;2;1;3;114;160, RUE DE LA TOMBE ISS;;;;750
200800035545;8;6;3;900;1;2;1;1;6;115;69, BOULEVARD VICTOR;;;;750
200800035547;8;6;4;1640;1;2;2;1;7;115;BOULEVARD GARIBALDI;;;;750
200800035553;8;6;11;2050;1;2;2;1;3;115;RUE LECOURBE;;;;750
200800035562;8;6;17;1855;1;2;1;1;5;115;56, BOULEVARD PASTEUR;;;;750
200800035570;8;6;23;1215;1;2;2;1;3;115;QUAI DE GRENELLE;;;;750
200800035575;8;6;25;1325;1;2;3;1;2;115;RUE LECOURBE;;;;750
200800035584;8;6;30;1955;1;2;2;1;3;115;95, RUE DES MORILLONS;;;;750
200800035595;8;6;5;2045;2;2;1;1;7;116;ROUTE DES TRIBUNES;;;;750
200800035600;8;6;8;1117;1;2;1;1;2;116;ROUTE DE SEVRES A NEUILL;;;;750
200800035612;8;6;13;1650;1;2;1;1;7;116;AVENUE DE LA PORTE D AUT;;;;750
200800035616;8;6;16;1125;1;2;1;1;2;116;ROUTE DE SEVRES A NEUILL;;;;750
200800035672;8;6;19;1835;1;2;1;8;2;117;22, AVENUE DE LA GRANDE;;;;750
200800035681;8;6;27;1930;1;2;2;1;3;117;BOULEVARD BESSIERES;;;;750
200800035682;8;6;28;1320;1;2;1;1;6;117;45, AVENUE DES TERNES;;;;750
200800035686;8;6;30;900;1;2;1;1;6;117;27, AVENUE DES TERNES;;;;750
200800035694;8;6;6;100;5;2;1;1;6;118;52, RUE MARX DORMOY;;;;750
200800035702;8;6;13;1340;1;2;1;1;6;118;24, BOULEVARD BARBES;;;;750
200800035721;8;6;30;1800;1;2;3;1;3;118;2, PLACE DE LA CHAPELLE;;;;750
200800035728;8;6;10;1320;1;2;5;1;3;119;PLACE DE LA BATAILLE DE;;;;750
200800035732;8;6;16;1620;1;2;3;8;3;119;RUE ANDRE DANJON;;;;750
200800035736;8;6;18;1800;1;2;2;1;3;119;AVENUE DE LA PORTE CHAUM;;;;750
200800035740;8;6;23;1415;1;2;1;1;3;119;31, RUE RIQUET;;;;750
200800035741;8;6;24;140;5;2;3;1;3;119;BOULEVARD MACDONALD;;;;750
200800035742;8;6;25;2340;5;2;1;1;3;119;7, AVENUE DE LA PORTE DE;;;;750
200800035744;8;6;27;805;1;2;2;1;2;119;28, AVENUE DE FLANDRE;;;;750
200800035758;8;6;6;630;1;2;3;2;3;120;34, RUE LE VAU;;;;750
200800035773;8;6;16;1110;1;2;1;1;2;120;18-20, BOULEVARD DE MENI;;;;750
200800035779;8;6;18;1719;1;2;1;1;3;120;RUE DES COURONNES;;;;750
200800035780;8;6;18;1855;1;2;3;1;6;120;BOULEVARD DAVOUT;;;;750
200800035787;8;6;26;1035;1;2;1;1;2;120;111, RUE DES PYRENEES;;;;750
200800035808;8;6;9;1520;1;2;1;1;7;116;05, RUE MOLITOR;;;;750
200800035814;8;6;13;1210;1;2;1;1;3;114;03, RUE D ALESIA;;;;750
200800035829;8;6;23;1045;1;2;2;7;3;105;09, QUAI SAINT MICHEL;;;;750
200800035959;8;3;9;1124;1;2;1;1;3;186;., EGALITE (R DE L');;;;620
200800035962;8;5;23;1745;1;2;3;1;3;83;142, FRESNICOURT (RUE DE;;;;620
200800035988;8;6;25;1540;1;2;1;7;6;681;1, 14 JUILLET. AVENUE DU;;;;760
200800035989;8;6;22;1750;1;2;1;1;7;540;35, VERDI. RUE GIUSEPPE;;;;760
200800035990;8;6;23;1555;1;2;6;1;6;681;DOCTEUR GALLOUEN. RUE DU;;;;760
200800035998;8;6;30;1910;1;2;2;9;3;540;56, REPUBLIQUE. RUE DE L;;;;760
200800035999;8;6;2;930;1;2;1;8;3;251;CARREFOUR;;;;770
200800036012;8;6;27;1925;1;2;1;1;6;67;135, GALLIENI (AV);;;;940
200800036014;8;6;28;1400;1;2;1;1;3;67;139, GALLIENI (AV);;;;940
200800036019;8;5;30;1130;1;2;1;1;6;383;63, RUE DE LA PART DIEU;;;;690
200800036050;8;7;25;1600;1;2;1;1;3;447;avenue du marechal LECLE;M;5037000.0;204000.0;620
200800036066;8;7;28;1515;1;2;1;1;2;721;RUE DE LA FERTE;M;5019000.0;163600.0;800
200800036123;8;7;20;915;1;2;1;1;1;254;rue de la maladrerie;M;0.0;0.0;600
200800036124;8;7;4;2030;1;1;1;1;3;488;;M;0.0;0.0;600
200800036127;8;7;17;1745;1;1;1;1;2;139;;M;0.0;0.0;600
200800036129;8;7;12;1630;1;2;1;1;7;282;37 rue de LAMORLAYE;M;4918900.0;241400.0;600
200800036148;8;7;17;1215;1;2;6;1;3;21;route de goderville;M;4968200.0;43300.0;760
200800036186;8;7;22;1030;1;2;1;1;1;47;avenue alphonse legault;M;0.0;0.0;350
200800036207;8;7;7;1145;1;1;1;1;2;228;;M;0.0;0.0;350
200800036210;8;7;6;1830;1;2;1;1;3;327;Rue des fauvettes;M;0.0;0.0;350
200800036212;8;7;11;1630;1;1;1;1;2;333;;M;0.0;0.0;350
200800036231;8;7;20;945;1;2;1;1;1;269;;M;4870100.0;-321700.0;220
200800036232;8;7;23;1315;1;1;1;1;1;212;;M;4867200.0;-320400.0;220
200800036240;8;7;22;1215;1;2;6;1;1;220;rond point de pont guern;M;0.0;0.0;290
200800036260;8;7;9;1745;1;2;3;1;3;183;la boissiere;M;0.0;0.0;560
200800036267;8;7;26;2045;1;2;1;1;3;258;PLACE DU VOULIEN;M;0.0;0.0;560
200800036285;8;7;2;1915;1;2;1;1;3;738;41 rue Francois Burthe;M;0.0;0.0;140
200800036340;8;7;20;845;1;1;2;1;1;337;;M;0.0;0.0;610
200800036354;8;7;30;1515;1;1;1;1;3;212;;M;0.0;0.0;440
200800036368;8;7;5;1545;1;2;9;1;1;69;departementale 99;M;0.0;0.0;440
200800036369;8;7;4;1245;1;1;6;1;1;69;;M;0.0;0.0;440
200800036370;8;7;13;830;1;1;1;1;2;175;;M;0.0;0.0;440
200800036388;8;7;31;1600;1;2;1;2;1;308;40 route du plessis;M;4738300.0;-49700.0;490