Num_Acc;an;mois;jour;hrmn;lum;agg;int;atm;col;com;adr;gps;lat;long;dep
200800036393;8;7;1;1030;1;2;1;1;3;92;Route de VALANJOU;M;0.0;0.0;490
200800036399;8;7;9;1645;1;2;6;1;3;69;Rue Jean V;M;4733800.0;-126300.0;490
200800036400;8;7;29;1815;1;2;1;1;1;296;3 IMPASSE DES SAULES;M;4729100.0;-119000.0;490
200800036431;8;7;13;1215;1;2;1;1;3;98;Carrefour STE CROIX;M;4769500.0;20100.0;720
200800036447;8;7;19;1200;1;1;1;1;2;5;;M;4662700.0;-77700.0;850
200800036471;8;7;19;1200;1;2;1;1;1;13;avenue de l eglise roman;M;4487100.0;-49800.0;330
200800036472;8;7;29;1100;1;1;1;1;7;61;;M;0.0;0.0;330
200800036480;8;7;1;800;1;1;1;1;2;476;;M;4530400.0;-78900.0;330
200800036489;8;7;13;1800;1;2;1;1;5;394;19 le grand pontet;M;0.0;0.0;330
200800036518;8;7;24;1445;1;1;2;1;3;115;;M;0.0;0.0;400
200800036519;8;7;25;1600;1;1;1;1;2;266;;M;0.0;0.0;400
200800036545;8;7;17;1730;1;1;9;1;3;137;;M;4396600.0;-31400.0;400
200800036563;8;7;17;1800;1;2;1;1;2;175;"""ratie""";M;4454000.0;75900.0;470
200800036574;8;7;3;1045;1;2;1;1;3;297;avenue Hablizig;M;0.0;0.0;860
200800036589;8;7;18;1345;1;2;1;1;1;140;Rue du General de Gaulle;M;4640400.0;72500.0;860
200800036591;8;7;30;2045;2;2;1;1;3;287;Lieu dit Les Guesdons;M;0.0;0.0;160
200800036603;8;7;14;1115;1;2;6;1;3;194;rond point de croix fort;M;4613900.0;-100800.0;170
200800036608;8;7;24;1630;1;1;1;1;3;360;;M;0.0;0.0;170
200800036638;8;7;3;2130;2;1;1;7;2;56;;M;0.0;0.0;790
200800036655;8;7;12;1330;1;1;1;1;1;76;;M;0.0;0.0;190
200800036668;8;7;4;1115;1;1;1;1;1;79;;M;0.0;0.0;310
200800036685;8;7;28;1045;1;1;1;1;1;500;;M;0.0;0.0;310
200800036696;8;7;18;1045;1;2;1;7;3;261;SUR LA D3 - PR27;M;4298100.0;115700.0;90
200800036711;8;7;19;2100;2;2;1;1;3;33;rue principale;M;4367200.0;32300.0;320
200800036742;8;7;10;1045;1;1;1;1;1;128;;M;0.0;0.0;810
200800036752;8;7;3;1945;1;1;1;7;2;172;;M;4430100.0;181800.0;820
200800036757;8;7;14;1930;1;2;3;1;3;150;Chemin de Portacols;M;0.0;0.0;820
200800036762;8;7;3;1715;1;2;1;1;1;186;cours de verdun;M;0.0;0.0;820
200800036769;8;7;5;945;1;1;1;1;1;287;;M;0.0;0.0;690
200800036775;8;7;15;1745;1;1;1;1;1;175;;M;0.0;0.0;690
200800036783;8;7;11;1415;1;2;1;3;3;201;Grande Rue;M;0.0;0.0;690
200800036789;8;7;31;1100;1;1;1;1;1;249;;M;0.0;0.0;690
200800036800;8;7;18;1400;1;1;1;1;3;264;;M;0.0;0.0;10
200800036808;8;7;25;1115;1;1;1;1;3;239;;M;0.0;0.0;10
200800036810;8;7;28;1030;1;1;1;1;2;208;;M;4583000.0;578700.0;10
200800036813;8;7;9;1730;1;2;9;1;3;63;parking rue du chateau;M;0.0;0.0;10
200800036854;8;7;11;1545;1;2;1;1;2;262;Le village;M;4465700.0;541400.0;260
200800036889;8;7;10;1130;1;1;6;1;2;559;;M;4521300.0;540400.0;380
200800036897;8;7;30;1215;1;1;2;1;3;520;;M;4550500.0;554400.0;380
200800036934;8;7;24;1345;1;1;1;1;3;70;;M;0.0;0.0;420
200800036935;8;7;27;1945;2;1;1;1;1;267;;M;4616800.0;413800.0;420
200800036942;8;7;15;700;1;2;1;7;5;219;CD 921;M;4554700.0;576300.0;730
200800036946;8;7;20;1315;1;1;1;2;3;242;;M;0.0;0.0;730
200800036958;8;7;5;1000;1;2;6;1;3;169;avenue du stade;M;0.0;0.0;740
200800036961;8;7;25;1900;1;1;1;1;1;236;;M;4589700.0;669100.0;740
200800036962;8;7;28;1800;1;1;9;1;6;236;;M;0.0;0.0;740
200800036977;8;7;1;1200;1;1;1;1;1;58;;M;0.0;0.0;740
200800036981;8;7;18;915;1;2;1;1;2;38;Chef Lieu BOGEVE;M;4619800.0;643200.0;740
200800036985;8;7;4;900;1;1;2;1;3;417;;M;0.0;0.0;630
200800036993;8;7;12;1115;1;2;1;1;6;178;Boulevard Albert Buisson;M;4555000.0;324900.0;630
200800037024;8;7;28;1815;1;1;1;1;1;113;;M;4508700.0;267100.0;150
200800037027;8;7;17;1915;1;2;3;1;3;127;Route Nationale 122;M;4523400.0;312700.0;150
200800037032;8;7;29;1900;1;2;1;7;3;215;le bourg;M;4480700.0;390700.0;430
200800037052;8;7;31;1830;1;1;2;1;3;443;;M;0.0;0.0;570
200800037057;8;7;11;1145;1;2;1;1;1;177;rue du prel;M;0.0;0.0;570
200800037062;8;7;27;1700;1;2;1;1;2;197;rue de Grundviller, Heck;M;4906300.0;698300.0;570
200800037068;8;7;10;1500;1;2;1;1;1;589;15 rue du moulin;M;0.0;0.0;570
200800037095;8;7;9;315;3;2;1;1;6;61;rue de l'eglise;M;0.0;0.0;550
200800037099;8;7;10;1815;1;2;1;1;3;463;18 RUE Roger Brocard;M;4889400.0;554400.0;550
200800037100;8;7;13;1000;1;1;1;1;1;229;;M;4886300.0;552400.0;550
200800037114;8;7;28;1700;1;1;1;1;7;73;;M;0.0;0.0;880
200800037124;8;7;15;1830;1;2;1;1;1;140;Rue du Moulin;M;0.0;0.0;880
200800037135;8;7;19;1645;1;1;1;8;3;492;;M;4807200.0;702200.0;880
200800037136;8;7;21;1530;1;1;1;1;6;438;;M;0.0;0.0;880
200800037146;8;7;31;845;1;2;1;1;1;137;RD 1083 / RD 221;M;0.0;0.0;670
200800037156;8;7;12;1900;1;2;1;1;3;347;Rue de la Moder;M;0.0;0.0;670
200800037192;8;7;27;1700;1;1;1;1;3;235;;M;4799600.0;738400.0;680
200800037217;8;7;18;1645;1;2;3;1;1;188;rue de cominay;M;4982500.0;483000.0;80
200800037261;8;7;23;1800;1;2;1;1;3;86;rue de donzy;M;0.0;0.0;580
200800037268;8;7;31;1230;1;2;1;1;3;170;rue Basse;M;0.0;0.0;710
200800037286;8;7;21;1800;1;1;1;1;3;118;;M;0.0;0.0;890
200800037289;8;7;10;1745;1;1;1;1;2;186;;M;4800100.0;376700.0;890
200800037291;8;7;21;1600;1;1;1;1;3;382;;M;0.0;0.0;890
200800037333;8;7;26;900;1;2;1;1;6;339;route de LYON;M;4636000.0;577000.0;390
200800037337;8;7;8;1300;1;2;3;1;1;454;grande rue;M;0.0;0.0;700
200800037339;8;7;23;1730;1;2;6;1;1;138;rond point;M;4764900.0;597900.0;700
200800037344;8;7;27;1830;1;2;1;1;3;220;RUE DE LA GARE;M;0.0;0.0;700
200800037347;8;7;19;1245;1;1;1;1;2;409;;M;4765700.0;557800.0;700
200800037373;8;7;22;1230;1;1;1;1;3;14;;M;4350500.0;515200.0;130
200800037381;8;7;4;1515;1;2;1;1;1;84;ROUTE DE SAINT JURS;M;0.0;0.0;40
200800037417;8;7;10;900;1;2;1;1;6;79;Avenue Henry Clews;M;4352700.0;694000.0;60
200800037479;8;7;4;1200;1;1;1;1;1;71;;M;4313600.0;621900.0;830
200800037483;8;7;27;1000;1;2;1;7;1;54;D901 et allee des nevons;M;0.0;0.0;840
200800037487;8;7;30;145;5;2;1;1;1;92;rue des Hirondelles;M;4396500.0;485500.0;840
200800037493;8;7;30;2015;2;1;1;1;2;86;;M;0.0;0.0;840
200800037500;8;7;12;1730;1;2;1;1;1;123;Route des Cartouses;M;0.0;0.0;840
200800037506;8;7;26;1115;1;1;1;1;1;98;;M;0.0;0.0;840
200800037518;8;7;22;1845;1;1;1;1;1;189;;M;0.0;0.0;340
200800037526;8;7;29;2100;2;2;1;1;1;106;le village;M;4375600.0;335900.0;340
200800037548;8;7;14;1030;1;1;1;1;1;188;;M;0.0;0.0;110
200800037559;8;7;8;1100;1;1;1;1;1;341;;M;0.0;0.0;300
200800037560;8;7;16;2245;3;1;1;1;2;276;;M;4365100.0;419900.0;300
200800037562;8;7;23;1730;1;1;1;1;2;344;;M;0.0;0.0;300
200800037657;8;7;22;1900;1;2;6;1;3;386;;M;4856100.0;243700.0;910
200800037668;8;7;15;1830;1;2;1;1;3;142;rue de MARINES;M;4916300.0;194000.0;950
200800037688;8;7;1;1300;1;2;1;1;1;98;1250 rue plaine d'Azenne;M;0.0;0.0;450
200800037723;8;7;13;1645;1;1;1;1;2;191;;M;4860200.0;163100.0;280
200800037736;8;7;11;645;2;1;1;1;1;147;;M;0.0;0.0;280
200800037746;8;7;30;1130;1;1;1;7;2;177;;M;0.0;0.0;360
200800037759;8;7;24;1845;1;2;6;1;1;54;Avenue Saint Martin;M;0.0;0.0;370
200800037772;8;7;29;930;1;1;1;1;7;142;;M;0.0;0.0;410
200800037783;8;7;25;1430;1;2;1;2;1;49;Allee de  St cloud;M;4799800.0;-389300.0;290
200800037794;8;7;9;1730;1;1;1;1;3;515;;M;0.0;0.0;210
200800037795;8;7;11;1245;1;1;1;1;2;540;;M;0.0;0.0;210
200800037881;8;7;29;2130;2;1;1;1;1;194;;M;0.0;0.0;670
200800037946;8;7;8;1915;1;2;1;1;3;279;route de SAINT MARCELLIN;M;4550300.0;423700.0;420
200800037975;8;7;28;1830;1;1;2;1;1;210;;M;0.0;0.0;350
200800037977;8;7;12;1600;1;1;1;1;1;5;;M;4754400.0;-287300.0;560
200800037981;8;7;17;1900;1;2;1;1;3;339;Rue du Pont ST Bonnet;M;4560900.0;517100.0;380
200800038023;8;7;31;1800;1;2;6;1;1;175;PK.1.88;M;4312500.0;72800.0;310
200800038039;8;7;31;1000;1;1;4;1;5;34;;M;0.0;0.0;300
200800038044;8;7;21;915;1;1;2;1;2;192;;M;0.0;0.0;340
200800038048;8;7;26;1845;1;2;1;1;3;252;PARKING  GRANDE SURFACE;M;0.0;0.0;760
200800038069;8;7;5;1130;1;2;1;1;7;260;665 route de Givors;M;0.0;0.0;690
200800038099;8;7;3;1715;1;2;1;1;1;668;rue des Dunes;M;5106600.0;251200.0;590
200800038103;8;7;25;1400;1;2;1;1;3;53;snr, PONT DES CHEVRES (;;;;10
200800038112;8;7;11;1932;1;2;1;1;3;691;., VERMAND (RUE DE);;;;20
200800038114;8;7;27;1905;1;2;1;1;6;691;20, GLATINIERS (RUE DES);;;;20
200800038132;8;7;23;1820;1;1;1;1;3;112;2158, D907;;;;40
200800038133;8;7;20;1040;1;2;2;2;3;23;DE GAULLE (AVENUE DU GEN;;;;50
200800038144;8;7;5;820;1;2;1;1;3;4;GALLICE AV.ET PASSAGE;;;;60
200800038181;8;7;4;1345;1;2;1;1;3;29;PICAUD (AVENUE DR) BOCCA;;;;60
200800038190;8;7;15;2140;5;2;1;1;3;29;PANTIERO (PROMENADE DE L;;;;60
200800038207;8;7;6;1050;1;2;3;1;3;69;X, CARNOT (BOULEVARD ET;;;;60
200800038229;8;7;14;1245;1;2;1;1;6;104;26, DEBUSSY (AVENUE CLAU;;;;60
200800038235;8;7;25;1750;1;2;6;1;3;83;POMPIDOU (ESPLANADE GEOR;;;;60
200800038256;8;7;4;1503;1;2;1;1;6;88;2, STE MARGUERITE (AV.);;;;60
200800038329;8;7;21;740;1;1;1;1;2;88;ANGLAIS (A PARTIR DU N°;;;;60
200800038368;8;7;16;705;1;2;1;7;3;281;23, HUIT MAI (AVENUE DU);;;;70
200800038387;8;7;9;850;1;2;3;1;3;262;TOURNAL (AVENUE PAUL);;;;110
200800038392;8;7;24;1400;1;2;2;1;6;262;DIGEON (PLACE EMILE);;;;110
200800038426;8;7;15;30;5;2;1;1;1;4;5, CLEMENCEAU BLD GEORGE;;;;130
200800038431;8;7;24;1040;1;1;1;1;3;4;R.D 570N;;;;130
200800038449;8;7;17;1750;1;2;1;1;7;63;ROSE DES VENTS AVENUE DE;;;;130
200800038508;8;7;15;1010;1;1;1;1;2;55;45, LUMINY (AVENUE DE);;;;130
200800038511;8;7;8;930;1;2;1;1;2;55;90, PEINTRES ROUX (AVENU;;;;130
200800038673;8;7;20;220;5;2;2;1;6;55;13, ANDRE ZENATTI (AVENU;;;;130
200800038731;8;7;4;1350;1;1;1;1;2;327;0, CD N° 515 (ROUTE DE O;;;;140
200800038733;8;7;7;1645;1;2;1;1;3;118;129, POINCARE (BOULEVARD;;;;140
200800038747;8;7;29;1520;1;2;3;1;6;366;141, HENRY CHERON (RUE);;;;140
200800038750;8;7;10;1815;1;2;2;1;3;14;28, PRADES (AVENUE DES);;;;150
200800038759;8;7;19;1100;1;2;3;1;3;299;172990226, LOTI RUE PIER;;;;170
200800038761;8;7;23;1545;1;2;1;1;7;299;172990166, GAMBETTA RUE;;;;170
200800038776;8;7;14;2115;1;2;1;1;1;300;AUBIGNE   RUE AGRIPPA D';;;;170
200800038782;8;7;20;1540;1;2;2;1;3;300;DAME HILAIRE   COURS;;;;170
200800038793;8;7;28;1025;1;2;2;1;3;300;1, FABRIQUE   RUE DE LA;;;;170
200800038794;8;7;28;1555;1;2;3;1;3;300;MOULIN   AVENUE JEAN;;;;170
200800038796;8;7;29;1640;1;2;1;1;1;300;CHURCHILL   BOULEVARD WI;;;;170
200800038815;8;7;17;1800;1;2;1;1;2;306;0, FRONT DE MER (PROMENA;;;;170
200800038826;8;7;26;830;1;2;6;1;3;333;0, COTE DE BEAUTE (BOULE;;;;170
200800038865;8;7;5;505;5;2;1;1;6;31;89, ROUSSEAU (AVENUE JEA;;;;190
200800038868;8;7;12;1045;1;2;1;1;3;31;04, FRANCE (BOULEVARD AN;;;;190
200800038887;8;7;4;1645;1;2;2;1;3;231;5, RAYMOND POINCARE (AVE;;;;210
200800038897;8;7;9;1955;1;2;7;1;3;231;2, WILSON (PLACE);;;;210
200800038899;8;7;10;1807;1;2;1;1;1;231;MICHELE GEE (PASSERELLE);;;;210
200800038912;8;7;1;1800;1;2;6;1;3;113;ARMOR (BOULEVARD D');;;;220
200800038916;8;7;4;935;1;2;1;1;3;278;73, CORNEILLE COTE IMPAI;;;;220
200800038935;8;7;17;1900;1;2;1;1;6;557;0, GRANDOU (AVENUE MICHE;;;;240
200800038952;8;7;28;840;1;2;1;1;3;56;LECLERC   PLACE MARECHAL;;;;250
200800038967;8;7;21;1345;1;2;3;1;3;57;neant, CEVENNES (ALLEE D;;;;260
200800038978;8;7;29;2151;5;2;2;1;3;362;sans, PONT DES ANGLAIS A;;;;260
200800038988;8;7;19;1450;1;2;1;1;6;562;LECLERC (RUE DU GENERAL);;;;270
200800038991;8;7;17;1810;1;2;2;1;6;681;BONNARD (RUE PIERRE);;;;270
200800039001;8;7;15;1530;1;2;1;1;3;85;sans, COURTILLE (BOULEVA;;;;280
200800039003;8;7;28;1035;1;2;1;1;6;85;2, QUATORZE JUILLET (RUE;;;;280
200800039005;8;7;31;1330;1;2;3;1;3;134;EUROPE (BOULEVARD DE L');;;;280
200800039025;8;7;23;1845;1;1;1;1;3;151;PLOUGASNOU Route de;;;;290
200800039031;8;7;25;938;1;2;6;1;3;232;., ERGUE ARMEL  ROND POI;;;;290
200800039065;8;7;8;1040;1;2;1;1;2;189;0000, AVIGNON (ROUTE);;;;300
200800039068;8;7;8;1821;1;2;6;1;6;189;83, LECLERC GENERAL (AVE;M;4382720.0;437429.0;300
200800039072;8;7;10;1807;1;2;9;1;3;189;1, ENCLOS REY (RUE);M;4384015.0;436281.0;300
200800039083;8;7;17;900;1;1;1;1;3;189;MENDES FRANCE PIERRE (AV;;;;300
200800039092;8;7;25;1210;1;1;1;1;2;189;ALES (ROUTE);M;4387625.0;431438.0;300
200800039112;8;7;24;720;1;2;3;1;3;149;999, PIBRAC (BOULEVARD D;;;;310
200800039116;8;7;1;1215;1;2;6;1;3;555;999, BD DES CRETES;;;;310
200800039130;8;7;5;2020;1;2;2;1;1;555;999, RUE FRANC;;;;310
200800039143;8;7;13;1730;1;2;1;1;3;555;20, QU LUCIEN LOMBARD;;;;310
200800039145;8;7;15;855;1;2;1;1;6;555;33, AV DE GRANDE BRETAGN;;;;310
200800039146;8;7;15;910;1;2;1;1;3;555;BD PIERRE SEMARD;;;;310
200800039176;8;7;30;750;1;2;1;1;3;555;31, RUE VALADE;;;;310
200800039192;8;7;29;1220;1;2;2;1;3;529;1, GRAILLY (RUE JEAN DE);;;;330
200800039199;8;7;2;1030;1;2;1;1;3;63;3, RTE DE TOULOUSE;;;;330
200800039200;8;7;4;2125;1;2;2;1;3;63;RUE PAUL BROCA;;;;330
200800039201;8;7;4;1915;1;2;3;1;3;63;RUE DES POILUS 1914-1918;;;;330
200800039211;8;7;8;1920;1;2;1;1;3;63;167, AVE CHARLES DE GAUL;;;;330
200800039217;8;7;10;1200;1;2;1;1;6;63;28, RUE DOC CHARLES NANC;;;;330
200800039221;8;7;2;1100;1;2;6;1;3;69;RUE FERDINAND BUISSON;;;;330
200800039228;8;7;9;1600;1;2;1;1;3;281;RUE DES HELIOTROPES;;;;330
200800039241;8;7;18;1910;1;2;2;1;3;63;CRS DE LA MARNE;;;;330
200800039242;8;7;20;2010;1;2;1;1;2;63;191, RUE DE BEGLES;;;;330
200800039254;8;7;23;1520;2;2;2;1;2;63;BD DU PRESIDENT WILSON;;;;330
200800039256;8;7;23;1805;1;2;2;1;3;63;QUAI DE PALUDATE;;;;330
200800039262;8;7;27;1925;1;2;1;1;6;63;RUE DES REMPARTS;;;;330
200800039263;8;7;25;1330;1;2;3;1;3;63;90, CRS DE LA SOMME;;;;330
200800039275;8;7;30;910;1;2;2;1;3;63;RUE DE LA BENAUGE;;;;330
200800039276;8;7;29;1900;1;2;2;1;1;63;RUE POQUELIN MOLIERE;;;;330
200800039280;8;7;30;1630;1;2;1;1;3;63;63, CRS MARECHAL JUIN;;;;330
200800039338;8;7;6;1135;1;2;6;1;3;129;0, ARCANTAIRE (ROND POIN;M;4357160.0;391502.0;340
200800039387;8;7;3;1520;1;2;1;1;7;238;103, METZ (BD DE);;;;350
200800039398;8;7;12;1245;1;2;1;1;6;238;00, EUDES (PLACE SAINT-J;;;;350
200800039409;8;7;21;1000;1;1;6;1;3;238;00, SAINTE-FOIX (LIEU-DI;;;;350
200800039410;8;7;21;1803;1;2;9;1;3;238;00, GUERINAIS (BD DE LA);;;;350
200800039411;8;7;22;1240;1;2;1;1;7;281;00, NANTES (RUE DE);;;;350
200800039431;8;7;7;737;1;2;1;1;7;44;1, COUBERTIN (AV PIERRE;;;;360
200800039446;8;7;3;1130;1;2;1;1;6;261;114, MAGINOT (AV. ANDRE);;;;370
200800039457;8;7;9;1703;1;1;1;1;3;53;ROSIERE (CHE DE);;;;380
200800039459;8;7;1;945;1;2;1;1;3;421;00, AVENUE GABRIEL PÉRI;;;;380
200800039461;8;7;3;420;5;2;1;1;6;516;00, BOULEVARD DE LA CHAN;;;;380
200800039471;8;7;16;1525;1;2;1;1;3;185;0, COURS DE LA LIBÉRATIO;;;;380
200800039479;8;7;26;1340;1;2;2;1;3;169;00, AVENUE ARISTIDE BRIA;;;;380
200800039483;8;7;30;1940;1;2;1;1;3;185;00, RUE DE STALINGRAD;;;;380
200800039493;8;7;25;1718;1;2;1;1;6;300;200, MENDES FRANCE (AVEN;;;;390
200800039509;8;7;26;1830;1;2;1;1;7;18;FOCH (VENUE DU MARECHAL);;;;410
200800039535;8;7;16;1730;1;2;2;1;3;187;PARIS (AVENUE DE);;;;420
200800039549;8;7;4;1625;1;2;1;1;2;218;ignore, MITTERAND FRANCO;;;;420
200800039557;8;7;15;1321;1;2;3;1;3;218;1, PRODUCTIQUE (DE LA);;;;420
200800039576;8;7;5;1848;1;2;1;1;3;132;12, BONNE SOURCE (AVENUE;;;;440
200800039579;8;7;13;1411;1;2;1;1;1;132;15 Bis, BONNE SOURCE (AV;;;;440
200800039581;8;7;15;1640;1;2;1;1;6;132;86, OCEANIDES (BOULEVARD;;;;440
200800039586;8;7;27;1300;1;2;6;1;7;135;19, LIBÉRATION ( BOULEVA;;;;440
200800039590;8;7;7;2150;2;2;1;2;2;109;BOULEVARD LEON JOUHAUX;;;;440
200800039593;8;7;4;1315;1;2;6;8;3;162;AVENUE DES THEBAUDIERES;;;;440
200800039607;8;7;18;1830;1;1;3;1;3;109;RUE DES DERVALLIERES;;;;440
200800039613;8;7;24;800;1;2;3;1;6;143;BASSE ILE (RUE DE LA );;;;440
200800039616;8;7;23;1330;1;2;2;1;6;109;RUE BERNADETTE;;;;440
200800039619;8;7;27;1150;1;2;1;1;6;109;10, RUE JEAN BAPTISTE DE;;;;440
200800039629;8;7;3;1650;1;2;1;1;1;285;60-62, DOUMER (RUE PAUL);;;;450
200800039639;8;7;13;1920;1;2;3;1;3;284;BOULEAUX (RUE DES);;;;450
200800039641;8;7;14;1210;1;2;6;1;3;234;BEAUMARCHAIS (RUE);;;;450
200800039642;8;7;15;1720;1;2;1;1;3;285;13, DIX ARPENTS (RUE DES;;;;450
200800039644;8;7;20;1940;1;2;2;1;3;234;45, OLIVET (ROUTE D'OLIV;;;;450
200800039660;8;7;12;1810;1;2;3;1;3;323;42, MYRE MORY (AVENUE);;;;470
200800039664;8;7;1;817;1;2;1;1;7;7;17, SAINT LEONARD;;;;490
200800039666;8;7;1;1848;1;2;1;1;6;7;0, FOCH BOULEVARD;;;;490
200800039669;8;7;2;1717;1;2;1;1;3;7;0, CARNOT;;;;490
200800039671;8;7;7;1714;1;2;1;1;7;7;115, PYRAMIDE ROUTE;;;;490
200800039673;8;7;6;1023;1;2;1;1;3;7;98, JAURES;;;;490
200800039676;8;7;13;1600;1;2;1;1;3;246;0, BOIS D'AVAULT;;;;490
200800039682;8;7;24;1738;1;2;1;1;6;7;0, ARBRISSEL;;;;490
200800039683;8;7;24;850;1;2;3;1;6;7;0, CARNOT;;;;490
200800039684;8;7;25;908;1;2;1;1;7;7;0, ARBRISSEL;;;;490
200800039692;8;7;29;1030;1;2;1;1;6;7;0, PRUNIERS;;;;490
200800039693;8;7;29;1630;1;2;1;1;7;7;102, BALLEE;;;;490
200800039701;8;7;18;1430;1;2;1;1;3;99;6, TOURAINE (BOULEVARD D;;;;490
200800039704;8;7;30;1030;1;2;6;1;3;99;BICENTENAIRE DE 1793 (PL;;;;490
200800039710;8;7;4;1730;1;2;3;1;7;129;00, HUGO (RUE VICTOR);;;;500
200800039728;8;7;22;1030;1;2;1;1;3;165;20, COUTANCES (ROUTE DE);;;;500
200800039735;8;7;24;2025;1;2;9;1;6;108;1, SARRAIL (AVE GENERAL);;;;510
200800039747;8;7;10;1000;1;2;1;1;6;121;39, HUGO (AVENUE VICTOR);;;;520
200800039749;8;7;22;1510;1;2;2;1;6;121;0, LECLERC (AVENUE GENER;;;;520
200800039775;8;7;7;1815;1;2;1;1;6;257;156 Bis, GRANDE RUE;;;;540
200800039776;8;7;9;1250;1;2;1;1;3;395;53, JARDINIERS (RUE DES;;;;540
200800039778;8;7;10;945;1;2;2;1;6;395;FOLLER (RUE);;;;540
200800039793;8;7;19;1135;1;2;1;1;6;29;13, POINCARE ( BOULEVARD;;;;550
200800039797;8;7;6;1900;1;2;1;1;2;545;PONT CHAUSSEE;;;;550
200800039811;8;7;17;1655;1;2;1;1;7;162;., VIVIERS (CHEMIN DE);;;;560
200800039814;8;7;20;1530;1;2;1;1;7;107;3, CIGALES (RUE DES);;;;560
200800039815;8;7;21;825;1;2;1;1;3;121;., BOLLARDIERE (RUE  GEN;;;;560
200800039817;8;7;22;1825;1;2;1;1;7;83;., JAURES ( AV. JEAN );;;;560
200800039822;8;7;28;1427;1;2;1;3;7;162;., MITTERRAND (RUE FRANC;;;;560
200800039843;8;7;2;1055;1;2;1;1;6;463;24, PONT A MOUSSON (RUE;;;;570
200800039854;8;7;30;1830;5;2;2;1;3;480;00, MARTYRS DE LA RESIST;;;;570
200800039875;8;7;18;1635;1;2;1;1;6;194;sans, BARATTE (FAUBOURG);;;;580
200800039883;8;7;23;1600;1;2;1;1;2;317;11, HUGO  (RUE VICTOR);;;;590
200800039893;8;7;11;1230;1;2;2;1;3;183;., BRASSEURS - PONT;;;;590
200800039899;8;7;29;1755;1;2;1;1;7;183;000, RN 1;;;;590
200800039902;8;7;10;1220;1;2;6;2;7;183;., EMMERY - PONT;;;;590
200800039903;8;7;4;1018;1;2;3;1;3;261;GENERAL DE GAULLE (RUE D;;;;590
200800039905;8;7;1;1720;1;1;1;1;3;324;GENERAL DE GAULLE (AVENU;;;;590
200800039910;8;7;2;1615;1;2;2;8;2;350;GUESDE JULES RUE;;;;590
200800039918;8;7;4;845;1;2;1;1;6;9;CONVENTION RUE DE LA;;;;590
200800039922;8;7;4;1850;1;2;1;1;6;350;LIBERTE BVD N°2 A 90-51;;;;590
200800039926;8;7;8;830;1;2;3;1;3;350;LIBERTE BVD N°147 A FIN-;;;;590
200800039927;8;7;8;1750;1;2;1;1;6;507;REPUBLIQUE PLACE DE LA;;;;590
200800039928;8;7;9;735;1;2;1;1;6;648;HUGO VICTOR RUE;;;;590
200800039940;8;7;17;900;1;2;1;1;6;350;DUBUISSON EMILE BOULEVAR;;;;590
200800039951;8;7;24;1420;1;1;6;1;6;560;00, BOUVRY ROGER RUE;;;;590
200800039974;8;7;1;800;1;1;2;1;3;512;LEBAS (AVENUE JEAN);;;;590
200800039979;8;7;1;2100;1;2;2;1;3;512;LIMITE (RUE DE LA);;;;590
200800039981;8;7;8;1030;1;1;1;3;3;512;LINNE ( AVENUE);;;;590
200800039983;8;7;3;1445;1;1;1;1;2;512;FOURMIES (BOULEVARD DE);;;;590
200800039991;8;7;24;855;1;1;2;1;3;512;LILLE ( RUE DE);;;;590
200800039998;8;7;28;1550;1;1;6;1;3;512;COQ FRANCAIS (RUE DU);;;;590
200800040028;8;7;25;1640;1;2;3;1;3;383;59, GARE (RUE DE LA);;;;590
200800040033;8;7;1;810;1;2;1;1;6;57;REPUBLIQUE (AVENUE);;;;600
200800040038;8;7;1;2040;1;2;1;1;6;159;CHOISY (ROUTE DE);;;;600