Num_Acc;an;mois;jour;hrmn;lum;agg;int;atm;col;com;adr;gps;lat;long;dep
200800040041;8;7;25;1500;1;1;1;1;1;414;RD 200_SURPLOMB AVEN LIB;;;;600
200800040043;8;7;11;1425;1;2;1;1;7;397;54 bis, GENERAL LECLERC;;;;610
200800040046;8;7;1;1950;1;2;3;1;3;753;0, 8 MAI 1945 (DU);;;;620
200800040055;8;7;27;1130;1;2;2;1;3;688;1705, MERLIMONT (ROUTE D;;;;620
200800040064;8;7;13;1455;1;2;1;1;3;193;797, GASTON BERTHE (DIGU;;;;620
200800040073;8;7;28;950;1;2;1;1;6;413;73, FUSILLES (R DES);;;;620
200800040074;8;7;31;1430;1;2;2;1;6;215;sans, ALLENDE (R SALVADO;;;;620
200800040081;8;7;17;1755;1;2;1;2;6;427;0, PASTEUR (R );;;;620
200800040094;8;7;28;2023;2;2;6;3;3;19;., BETHUNE (R DE);;;;620
200800040096;8;7;22;1900;1;2;2;1;3;737;SANS, FOUCAULT (AVENUE C;;;;620
200800040105;8;7;4;2345;5;2;2;1;6;113;-, JACOBINS (RUE DES);;;;630
200800040125;8;7;21;1630;1;2;1;1;3;113;GIROD (RUE JOSEPH);;;;630
200800040135;8;7;27;1610;1;2;1;1;6;113;., D772;;;;630
200800040178;8;7;24;1035;1;2;1;1;2;445;1, SARAGOSSE DE;;;;640
200800040185;8;7;29;1735;1;2;3;1;3;445;0, HAMEAU DU VERT GALANT;;;;640
200800040204;8;7;31;925;1;2;1;1;5;483;CHANTACO (AVENUE DE );;;;640
200800040207;8;7;14;1110;1;2;1;1;3;286;BAGNERES (ROUTE DE);;;;650
200800040213;8;7;8;1825;1;2;1;1;6;440;., VOSGES (AVENUE DES);;;;650
200800040215;8;7;10;1015;1;2;2;1;6;251;., MARECHAL FOCH (RUE DU;;;;650
200800040232;8;7;1;750;1;2;1;1;3;218;ALSACE (RUE D );;;;670
200800040236;8;7;2;1015;1;2;4;1;3;482;0, MARCEL PROUST (RUE);;;;670
200800040237;8;7;2;1145;1;2;2;1;3;482;0, COMTES (RUE DES);;;;670
200800040249;8;7;9;930;1;2;1;1;6;482;0, WIMPHELING (RUE);;;;670
200800040251;8;7;10;1130;1;2;1;1;3;482;0, SHAKESPEARE (AVENUE);;;;670
200800040259;8;7;15;1620;1;2;1;1;3;482;00, BOECKLIN (RUE);;;;670
200800040261;8;7;18;948;1;2;3;1;3;482;00, COQUELICOTS (RUE DES;;;;670
200800040264;8;7;19;1117;1;2;1;1;3;482;00, POLYGONE (ROUTE DU);;;;670
200800040265;8;7;20;1145;1;2;2;1;2;204;REPUBLIQUE (RUE DE LA);;;;670
200800040274;8;7;2;1840;1;2;1;1;3;66;4, MADRID (RUE DE);;;;680
200800040277;8;7;16;1337;1;1;1;1;3;66;LORRAINE (AVENUE DE);;;;680
200800040278;8;7;18;930;1;2;2;1;7;66;1, BAGATELLE ( RUE DE LA;;;;680
200800040279;8;7;24;956;1;2;2;1;2;66;7, MANEGE (RUE DU);;;;680
200800040292;8;7;25;805;1;2;1;1;6;256;22, KINGERSHEIM (RUE DE);;;;680
200800040295;8;7;23;1720;1;2;3;1;3;224;CEZANNE (RUE PAUL);;;;680
200800040296;8;7;30;1445;1;2;3;1;3;224;43, SOLEIL (RUE DU);;;;680
200800040300;8;7;19;1137;1;2;3;1;3;224;22, ILL (RUE DE L');;;;680
200800040301;8;7;5;2209;3;1;1;1;3;297;LACHENWEG ( RUE DE );;;;680
200800040309;8;7;27;1740;1;2;1;1;3;34;121, GRANDE RUE DE SAINT;;;;690
200800040317;8;7;1;800;1;2;1;1;3;259;364, ROUTE DE VIENNE;;;;690
200800040321;8;7;16;1620;1;2;1;1;1;259;0, RUE JULES FERRY;;;;690
200800040323;8;7;25;1200;1;2;1;1;3;259;263, ROUTE DE VIENNE;;;;690
200800040346;8;7;31;955;1;2;1;1;2;550;7, GROSJEAN (RUE);;;;700
200800040373;8;7;1;823;1;2;1;1;3;181;ROUILLON (RUE DE);;;;720
200800040379;8;7;8;1510;1;2;1;1;1;181;ANATOLE FRANCE (BD );;;;720
200800040388;8;7;18;1900;1;2;1;1;6;181;117, FROMENDIERE (RUE DE;;;;720
200800040391;8;7;21;1720;1;2;1;1;3;181;EINSTEIN ALBERT (RUE);;;;720
200800040394;8;7;29;1745;1;2;1;1;1;181;19 BIS, ARCOLE (RUE D');;;;720
200800040396;8;7;25;1350;1;1;6;1;3;65;RECLUS (FAUBOURG);;;;730
200800040412;8;7;31;1900;1;2;1;1;1;119;TOURS (ROUTE DES);;;;740
200800040413;8;7;22;840;1;2;2;1;7;119;GAVOT (AVENUE DE)  CD11;;;;740
200800040421;8;7;14;1021;1;2;1;1;3;217;29, GUERRIER;;;;760
200800040440;8;7;8;1600;1;2;1;1;6;351;15, VALLEE (DE LA);;;;760
200800040444;8;7;16;710;1;1;2;1;3;481;néant, TILLEULS (ROUTE D;;;;760
200800040445;8;7;16;1540;1;2;6;1;6;351;NEANT, CLEMENCEAU;;;;760
200800040468;8;7;11;1855;1;2;1;1;7;540;1, CAVELIER DE LA SALLE.;;;;760
200800040469;8;7;11;955;1;2;3;1;3;484;GAULLE. AVENUE DU GENERA;;;;760
200800040509;8;7;16;2150;5;2;1;1;2;152;4, MONTAIGNE(AVENUE)COTE;;;;770
200800040524;8;7;7;725;1;2;2;1;3;288;1, MAINCY(BOULEVARD);;;;770
200800040525;8;7;23;950;1;1;1;7;6;306;D.57;;;;770
200800040543;8;7;11;1235;1;2;1;1;3;258;22, MAISON ROUGE (RUE DE;;;;770
200800040544;8;7;26;100;5;2;3;8;6;337;42, ARCHE GUEDON (COURS;;;;770
200800040546;8;7;25;1930;1;1;1;1;2;390;ROUTE DE PONTAULT CD 21;;;;770
200800040558;8;7;14;1645;1;2;2;1;3;297;014, ERASME (RUE);;;;780
200800040560;8;7;18;850;1;2;2;1;2;297;HUIT MAI 1945 (AVENUE DU;;;;780
200800040577;8;7;1;1800;1;2;3;1;3;490;ROBESPIERRE (RUE MAXIMIL;;;;780
200800040584;8;7;22;1515;1;2;4;1;7;490;VALIBOUT (RUE DU);;;;780
200800040601;8;7;31;815;1;2;2;1;3;517;0, SADI CARNOT (RUE);;;;780
200800040626;8;7;14;1828;1;2;1;1;1;117;33, LOUIS PASTEUR (RUE);;;;780
200800040630;8;7;22;1930;1;2;2;1;6;646;0, ALBERT SARRAULT (RUE);;;;780
200800040646;8;7;16;1628;1;2;1;1;6;329;40, EMILE ZOLA (AVENUE);;;;790
200800040651;8;7;3;950;1;2;1;1;3;21;00, BEAUVILLE NORD (BOUL;;;;800
200800040675;8;7;29;1515;1;2;3;1;3;21;00, ARCHICAMPS (RUE DES);;;;800
200800040684;8;7;3;1900;1;2;6;1;6;121;0, DUNANT (AVENUE HENRY);;;;820
200800040694;8;7;21;1820;1;2;1;1;7;50;918, NEGADIS(CHEMIN DES);;;;830
200800040704;8;7;11;1435;1;2;3;1;3;69;25, PALYVESTRE (CHEMIN D;;;;830
200800040713;8;7;3;2125;2;2;1;1;6;123;RENE CASSIN (RP);;;;830
200800040731;8;7;18;910;1;2;1;1;6;126;00, JANAS (ROUTE DE);;;;830
200800040744;8;7;4;1625;1;2;1;1;3;98;265, PIN DE GALLE (AVENU;;;;830
200800040759;8;7;22;1645;1;2;1;1;1;137;MATTIO (AVE LAURENT);;;;830
200800040770;8;7;22;1035;1;2;1;1;3;137;4278, ESCARTEFIGUE (CORN;;;;830
200800040803;8;7;3;1525;1;2;1;1;2;66;RD 161 - ROCADE EST;;;;860
200800040808;8;7;5;2020;1;2;2;1;5;194;52, JEAN JAURES (RUE);;;;860
200800040820;8;7;1;1839;1;2;1;1;2;85;7, AINE (PLACE D');;;;870
200800040832;8;7;8;1904;1;2;1;1;6;85;11-13, LE GRECO (ALLEE);;;;870
200800040864;8;7;30;1747;1;1;1;1;3;85;90, MONTMAILLER (RUE);;;;870
200800040867;8;7;31;1303;1;1;1;1;6;65;7, VALIN (AVENUE MARTIAL;;;;870
200800040873;8;7;31;1715;1;2;2;1;6;415;route de Xennois;;;;880
200800040883;8;7;5;1334;1;2;1;1;1;10;2, GAMBIEZ (RUE);;;;900
200800040892;8;7;21;920;1;2;1;1;6;10;5, SCHWEITZER (RUE);;;;900
200800040895;8;7;29;1215;1;2;6;1;3;99;40, TURENNE (RUE DE);;;;900
200800040904;8;7;9;1935;1;2;1;1;6;114;JOFFRE (AVENUE);;;;910
200800040926;8;7;9;1620;1;2;1;1;1;228;., DJIBAOU (RUR JEAN MAR;;;;910
200800040935;8;7;25;1715;1;2;2;1;3;161;MASSY (ROUTE DE);;;;910
200800040938;8;7;2;1930;1;2;1;1;3;691;0, RAYMOND POINCARE(RUE);;;;910
200800040942;8;7;6;1810;1;2;1;1;2;691;0, RAYMOND POINCARE(RUE);;;;910
200800040946;8;7;27;1710;1;2;1;1;2;421;REVEIL MATIN (RUE DU);;;;910
200800040973;8;7;30;830;1;2;3;1;6;2;PINSONS (IMPASSE DES);;;;920
200800041010;8;7;10;1700;1;2;3;1;6;19;13, SINTES (RUE);;;;920
200800041013;8;7;5;1920;1;2;2;1;3;24;04, DOCTEUR EMILE ROUX (;;;;920
200800041028;8;7;9;1345;1;2;1;1;3;25;29, EUROPE (AV DE L');;;;920
200800041057;8;7;30;1900;1;2;2;1;3;44;LEVALLOIS( PONT DE);;;;920
200800041085;8;7;1;2035;1;2;1;1;6;62;00, ILE DE PUTEAUX;;;;920
200800041105;8;7;4;1430;1;2;1;1;6;72;04, EUROPE (AVENUE DE L';;;;920
200800041134;8;7;11;1040;1;2;3;1;3;62;1, GENERAL DE GAULLE (AV;;;;920
200800041171;8;7;10;2205;2;2;2;2;1;7;CHARLES GOUNOD (RUE);;;;930
200800041179;8;7;9;920;1;2;6;1;3;8;ALLENDE (AVE DU P. SALVA;;;;930
200800041188;8;7;11;1425;1;2;1;8;3;10;ignore, PROMENADE (VOIE);;;;930
200800041192;8;7;16;2345;3;1;1;1;6;27;00, SALENGRO (AVENUE ROG;;;;930
200800041195;8;7;7;1330;1;2;1;1;6;27;8, QUINET (RUE EDGAR);;;;930
200800041258;8;7;27;820;1;2;1;1;3;48;4, GABRIEL PERI (AVENUE);;;;930
200800041282;8;7;15;1700;1;2;1;1;3;53;PARC (RUE DU);;;;930
200800041331;8;7;17;2230;5;2;1;1;2;66;"""RENAN ERNEST, NR 10-32";;;;930
200800041378;8;7;24;1545;1;2;3;1;3;4;ALOUETTES (R DES);;;;940
200800041383;8;7;5;2000;1;2;1;1;1;17;ALLIES (BD DES);;;;940
200800041386;8;7;15;2300;5;2;1;1;3;17;LOUIS TALAMONI (R);;;;940
200800041391;8;7;21;915;1;2;1;1;6;17;GENERAL DE GAULLE (AV DU;;;;940
200800041415;8;7;13;1140;1;2;1;1;6;28;44 bis, BROSSOLETTE(AVEN;;;;940
200800041418;8;7;16;1845;1;2;1;1;3;28;0, DUVAUCHEL(STADE);;;;940
200800041426;8;7;24;1110;1;2;2;1;6;33;GALLIENI (BD);;;;940
200800041464;8;7;13;1440;1;2;1;1;6;38;JULES FERRY (R);;;;940
200800041470;8;7;25;1540;1;2;3;1;3;34;, PASTEUR (BD);;;;940
200800041482;8;7;24;1730;1;2;2;1;3;41;SAINT JUST (R);;;;940
200800041537;8;7;17;1700;1;2;2;1;3;80;139, FRANCE (R DE);;;;940
200800041544;8;7;9;1220;1;2;1;1;3;81;26, PRES (R DES);;;;940
200800041558;8;7;18;1450;1;2;1;1;6;18;1, bis, FEIX (BOULEVARD;;;;950
200800041563;8;7;27;1540;1;2;2;1;3;582;AULNAIES (RUE DES);;;;950
200800041576;8;7;27;1830;1;2;1;1;3;210;DE GAULLE (RUE DU GENERA;;;;950
200800041584;8;7;5;1430;1;1;3;1;3;280;SIEYES ( RUE DE );;;;950
200800041585;8;7;5;2215;5;2;1;1;1;280;SALENGRO ROGER ( BOULEVA;;;;950
200800041592;8;7;27;25;3;2;1;1;2;313;CD.922;;;;950
200800041600;8;7;9;1900;1;2;1;1;2;607;61, BESSANCOURT (RUE DE);;;;950
200800041611;8;7;18;1953;1;2;1;1;3;4;SANS, PIETRI FRANCOIS RU;;;;201
200800041812;8;7;1;900;1;2;2;1;6;383;RUE GARIBALDI;;;;690
200800041818;8;7;4;2045;2;2;2;1;6;383;RUE PAUL BERT;;;;690
200800041819;8;7;8;1900;1;2;1;1;6;386;QUAI GENERAL SARRAIL;;;;690
200800041822;8;7;9;1940;1;2;1;1;2;383;1, AVENUE GEORGES POMPID;;;;690
200800041836;8;7;28;1250;1;2;2;1;3;383;RUE SAINT MAXIMIN;;;;690
200800041839;8;7;8;1400;1;2;1;1;6;384;15, QUAI JOSEPH GILLET;;;;690
200800041887;8;7;8;1635;1;2;1;1;6;388;126, COURS ALBERT THOMAS;;;;690
200800041892;8;7;24;1855;1;2;1;1;2;388;RUE JEAN SARRAZIN;;;;690
200800042001;8;7;9;1740;1;2;3;1;3;101;RUE DE CASTIGLIONE;;;;750
200800042018;8;7;8;1850;1;2;2;2;3;102;RUE REAUMUR;;;;750
200800042019;8;7;8;1920;1;2;2;1;3;102;RUE DE TURBIGO;;;;750
200800042040;8;7;1;1035;1;2;1;1;7;104;82, RUE SAINT ANTOINE;;;;750
200800042046;8;7;10;1655;1;2;1;1;3;104;76, RUE DE RIVOLI;;;;750
200800042056;8;7;30;2233;5;2;2;1;7;104;32, RUE DE RIVOLI;;;;750
200800042063;8;7;11;1800;1;2;1;1;3;105;5, RUE CENSIER;;;;750
200800042067;8;7;21;640;1;2;2;1;3;105;, BOULEVARD SAINT MICHEL;;;;750
200800042080;8;7;18;200;5;2;1;1;6;106;40, RUE DU FOUR;;;;750
200800042083;8;7;31;1705;1;2;1;1;3;106;20, RUE DE VAUGIRARD;;;;750
200800042084;8;7;1;1040;1;2;1;1;7;107;13, PLACE HENRY DE MONTH;;;;750
200800042101;8;7;23;950;1;2;5;1;3;107;1, BOULEVARD DE LA TOUR;;;;750
200800042107;8;7;6;1950;1;2;3;1;3;108;25, BOULEVARD DES BATIGN;;;;750
200800042114;8;7;2;925;1;2;1;1;2;108;COURS ALBERT 1ER;;;;750
200800042133;8;7;17;1040;1;2;4;1;3;108;76, BOULEVARD HAUSSMANN;;;;750
200800042153;8;7;4;1320;1;2;1;1;3;109;46, RUE DE DOUAI;;;;750
200800042162;8;7;13;2025;1;2;1;1;3;109;2, RUE HALEVY;;;;750
200800042167;8;7;22;835;1;2;1;1;3;109;1, RUE DE MOGADOR;;;;750
200800042173;8;7;1;735;1;2;1;1;7;110;02, RUE LOUIS BLANC;;;;750
200800042191;8;7;12;2115;1;2;3;1;2;110;163, QUAI DE VALMY;;;;750
200800042198;8;7;25;2205;5;2;1;1;3;110;QUAI DE VALMY;;;;750
200800042202;8;7;30;1110;1;2;1;1;2;110;26, BOULEVARD DE MAGENTA;;;;750
200800042204;8;7;2;1715;1;2;2;2;7;111;9, BOULEVARD RICHARD LEN;;;;750
200800042209;8;7;8;1930;1;2;1;1;6;111;2, BOULEVARD RICHARD LEN;;;;750
200800042213;8;7;9;2102;1;2;2;1;6;111;51, RUE JEAN PIERRE TIMB;;;;750
200800042215;8;7;10;1628;1;2;2;1;5;111;RUE JEAN PIERRE TIMBAUD;;;;750
200800042226;8;7;23;1900;1;2;1;1;6;111;70, RUE DE MONTREUIL;;;;750
200800042229;8;7;24;1958;1;2;1;1;3;111;60, BOULEVARD VOLTAIRE;;;;750
200800042234;8;7;28;1055;1;2;2;1;6;111;BOULEVARD VOLTAIRE;;;;750
200800042236;8;7;30;1100;1;2;3;1;3;111;33, BOULEVARD VOLTAIRE;;;;750
200800042238;8;7;2;900;1;2;1;1;3;112;127, BOULEVARD DIDEROT;;;;750
200800042240;8;7;4;1650;1;2;1;1;3;112;42, AVENUE DAUMESNIL;;;;750
200800042249;8;7;11;2210;5;2;2;1;3;112;AVENUE DAUMESNIL;;;;750
200800042252;8;7;14;1230;1;2;2;1;6;112;ROUTE DAUPHINE;;;;750
200800042255;8;7;16;2010;1;2;5;1;3;112;RUE DE BERCY;;;;750
200800042256;8;7;17;1100;1;2;2;1;3;112;134, AVENUE DAUMESNIL;;;;750
200800042257;8;7;17;1505;1;2;1;1;6;112;88, RUE DU FAUBOURG SAIN;;;;750
200800042258;8;7;18;1225;1;2;5;1;3;112;BOULEVARD PONIATOWSKI;;;;750
200800042261;8;7;20;1105;1;2;1;1;3;112;ROUTE DAUPHINE;;;;750
200800042266;8;7;26;235;5;2;1;2;3;112;208, AVENUE DAUMESNIL;;;;750
200800042270;8;7;28;1220;1;2;2;7;2;112;BOULEVARD DIDEROT;;;;750
200800042279;8;7;3;650;1;2;2;8;6;113;20, BOULEVARD VINCENT AU;;;;750
200800042281;8;7;5;1745;1;2;1;1;7;113;QUAI D AUSTERLITZ;;;;750
200800042287;8;7;10;900;1;2;1;1;3;113;107, RUE DE TOLBIAC;;;;750
200800042288;8;7;10;1115;1;2;1;1;6;113;55, AVENUE D ITALIE;;;;750
200800042289;8;7;11;45;3;2;1;1;3;113;47, BOULEVARD SAINT MARC;;;;750
200800042295;8;7;17;930;1;2;1;1;2;113;QUAI D AUSTERLITZ;;;;750
200800042304;8;7;27;1525;1;2;1;1;3;113;13, AVENUE DE LA PORTE D;;;;750
200800042306;8;7;31;1140;1;2;1;1;6;113;40, AVENUE DE LA PORTE D;;;;750
200800042309;8;7;1;1100;1;2;1;1;7;114;261, BOULEVARD RASPAIL;;;;750
200800042320;8;7;5;1515;1;2;1;1;3;114;21, AVENUE DU GENERAL LE;;;;750
200800042329;8;7;10;835;1;2;5;1;3;114;141, RUE DU CHATEAU;;;;750
200800042345;8;7;29;1830;1;2;1;1;3;114;196, RUE RAYMOND LOSSERA;;;;750
200800042352;8;7;4;830;1;2;3;1;3;115;18, RUE BALARD;;;;750
200800042366;8;7;15;1921;1;2;5;1;3;115;RUE VIALA;;;;750
200800042370;8;7;23;2150;2;2;5;1;3;115;8, PLACE DE BRETEUIL;;;;750
200800042386;8;7;3;1730;1;2;1;1;6;116;125, AVENUE VICTOR HUGO;;;;750
200800042427;8;7;27;1750;1;2;5;1;3;116;PORTE DE BOULOGNE;;;;750
200800042430;8;7;30;1100;1;2;2;1;3;116;AVENUE GEORGES MANDEL;;;;750
200800042436;8;7;1;735;1;2;2;1;6;117;AVENUE DE LA PORTE D ASN;;;;750
200800042450;8;7;8;2211;5;2;1;2;3;117;14, AVENUE DE LA GRANDE;;;;750
200800042457;8;7;11;1710;1;2;4;1;3;117;092, AVENUE DE VILLIERS;;;;750
200800042469;8;7;20;1915;1;2;2;1;3;117;AVENUE DE LA PORTE D ASN;;;;750
200800042476;8;7;26;1145;1;2;1;1;3;117;58, BOULEVARD PEREIRE;;;;750
200800042482;8;7;30;1215;1;2;1;1;6;117;13, AVENUE DE CLICHY;;;;750
200800042523;8;7;22;925;1;2;2;1;3;118;20, BOULEVARD DE LA CHAP;;;;750
200800042538;8;7;3;2145;5;2;3;1;3;119;AVENUE DE FLANDRE;;;;750
200800042559;8;7;24;1600;1;2;2;1;6;119;96, AVENUE DE FLANDRE;;;;750
200800042560;8;7;24;2335;5;2;2;1;3;119;BOULEVARD DE LA VILLETTE;;;;750
200800042580;8;7;19;1007;1;2;1;1;3;120;2, AVENUE DU PROFESSEUR;;;;750
200800042588;8;7;23;1630;1;2;1;1;6;120;RUE LOUIS LUMIERE;;;;750
200800042607;8;7;15;1420;1;2;1;1;6;117;AVENUE DE WAGRAM;;;;750
200800042729;8;5;4;1925;1;1;1;1;6;186;RD152 de l'obélisque à p;;;;770
200800042735;8;5;28;1645;1;2;1;1;7;65;116, TOULOUSE RN 126 (RT;;;;810
200800042738;8;8;3;355;5;2;3;1;3;387;, QUAI CLAUDE BERNARD;;;;690
200800042741;8;8;7;815;1;2;2;2;3;387;RUE DE L UNIVERSITE;;;;690
200800042759;8;8;25;1730;1;2;3;1;3;389;0, QUAI CHAUVEAU;;;;690
200800042793;8;8;3;1945;1;2;1;2;6;119;90, QUAI DE LA LOIRE;;;;750
200800042818;8;8;2;1620;1;2;1;1;3;112;90, AVENUE DAUMESNIL;;;;750
200800042839;8;8;6;2220;4;2;2;1;3;109;BOULEVARD HAUSSMANN;;;;750
200800042855;8;8;5;840;1;2;2;1;3;115;RUE DUTOT;;;;750
200800042867;8;8;7;2230;5;2;2;1;2;110;74, QUAI DE JEMMAPES;;;;750
200800042885;8;8;9;1630;1;2;7;1;2;111;PLACE DE LA REPUBLIQUE;;;;750
200800042913;8;8;13;1515;1;2;3;1;3;115;73, RUE BRANCION;;;;750
200800042926;8;8;14;850;1;2;1;1;2;119;PLACE SKANDERBEG;;;;750
200800042945;8;8;16;1600;1;2;1;1;6;107;PONT D IENA;;;;750
200800042946;8;8;16;1710;1;2;1;1;7;116;ROUTE DE SEVRES A NEUILL;;;;750
200800042953;8;8;17;1720;1;2;1;1;3;107;15, AVENUE DE TOURVILLE;;;;750
200800042994;8;8;26;1830;1;2;4;1;3;105;114, RUE MONGE;;;;750
200800043008;8;8;27;1550;1;2;2;1;6;104;26, RUE DE RIVOLI;;;;750
200800043016;8;8;27;1915;1;2;3;1;3;116;AVENUE DE LA PORTE D AUT;;;;750
200800043023;8;8;28;1925;2;2;5;1;3;106;PLACE HENRI MONDOR;;;;750
200800043034;8;8;18;1245;1;2;1;1;6;118;106, BOULEVARD DE LA CHA;;;;750
200800043042;8;8;19;30;5;2;1;1;3;110;BOULEVARD DE MAGENTA;;;;750
200800043050;8;8;19;1250;1;2;1;1;3;116;AVENUE DE VERSAILLES;;;;750
200800043051;8;8;19;2040;2;2;1;2;3;118;13, RUE PAJOL;;;;750
200800043071;8;8;28;1925;2;2;5;1;6;116;PLACE DE LA PORTE DE SAI;;;;750
200800043072;8;8;28;845;1;2;3;1;6;117;02, BOULEVARD DE COURCEL;;;;750
200800043073;8;8;28;1535;1;2;2;1;2;117;12, PLACE GENERAL CATROU;;;;750
200800043080;8;8;29;1100;1;2;5;1;3;101;PLACE ANDRE MALRAUX;;;;750
200800043087;8;8;29;2110;5;2;1;1;2;112;77, AVENUE LEDRU ROLLIN;;;;750
200800043099;8;8;30;1625;1;2;1;1;2;101;99, RUE DE RIVOLI;;;;750
200800043101;8;8;30;1600;1;2;1;1;3;107;33, QUAI D ORSAY;;;;750
200800043104;8;8;30;840;1;2;4;1;3;110;243, RUE LA FAYETTE;;;;750
200800043173;8;8;22;1605;1;2;4;2;3;120;44, RUE DE LA CHINE;;;;750
200800043191;8;8;23;1515;1;2;2;1;7;105;1, RUE LAGRANGE;;;;750
200800043216;8;8;25;1920;2;2;2;1;3;103;14, RUE CHARLOT;;;;750
200800043249;8;8;2;1720;1;2;1;1;6;49;76, REPUBLIQUE AVENUE DE;;;;920
200800043253;8;8;25;1630;1;2;1;1;6;49;130, BRIAND AVENUE ARIST;;;;920
200800043288;8;8;5;2118;2;2;1;1;3;1;78, EDOUARD VAILLANT (BL;;;;930
200800043322;8;8;12;1305;1;2;2;1;3;57;ignore, CASANOVA (AL. DA;;;;930
200800043340;8;8;5;1425;1;2;1;1;2;32;74, JULES GUESDES  (RUE,;;;;930
200800043394;8;8;26;1457;1;2;3;1;3;55;01, EDOUARD VAILLANT DU;;;;930
200800043401;8;8;20;458;5;2;2;1;1;14;STRATEGIQUE (ROUTE);;;;930
200800043409;8;8;27;1125;1;2;1;1;3;64;39, DE GAULLE (AV DU GEN;;;;930
200800043433;8;8;6;45;5;2;1;1;1;78;BARBES (AVENUE);;;;930
200800043437;8;8;11;1200;1;2;1;7;6;2;13, JEAN BAPTISTE PREUX;;;;940
200800043493;8;8;30;1545;1;2;1;1;3;73;VERSAILLES (AV DE);;;;940
200800043499;8;8;26;1755;1;2;1;1;3;41;52, AUGUSTE DESHAIES (QU;;;;940
200800043523;8;8;6;1020;1;2;2;1;3;80;., FAYOLLE (AV);;;;940
200800043595;8;8;1;1210;1;2;3;1;3;386;0, AVENUE VERGUIN;;;;690
200800043597;8;8;4;1830;1;2;1;1;3;386;1, QUAI CHARLES DE GAULL;;;;690
200800043598;8;8;7;1805;1;2;1;2;6;266;62, AVENUE ANTOINE DE SA;;;;690
200800043602;8;8;26;1715;1;2;2;1;3;383;0, COURS EUGENIE;;;;690
200800043608;8;8;14;1830;1;2;1;1;6;383;0, PONT DE LA GUILLOTIER;;;;690
200800043609;8;8;31;1200;1;2;1;2;6;383;28, COURS GAMBETTA;;;;690
200800043702;8;8;22;1740;1;1;1;1;7;63;ROCADE A 630;;;;330
200800043803;8;8;5;1440;1;1;6;1;6;550;ROCADE OUEST - RD 457;;;;700
200800043825;8;8;31;1750;1;2;1;3;1;306;23, SOISSON (RUE DE);;;;710
200800043839;8;8;22;345;5;2;1;2;6;181;50, EICHTHAL (RUE D');;;;720
200800043844;8;8;30;1530;1;2;1;1;1;181;48, MERIMEE PROSPER (RUE;;;;720
200800043849;8;8;20;1510;1;2;1;1;3;8;70, BARRIER ROBERT BOULE;;;;730
200800043852;8;8;5;1800;1;2;3;1;6;10;GENEVE (AVENUE DE)(SECTE;;;;740
200800043860;8;8;8;1315;1;2;1;1;1;349;CD 75;;;;760
200800043865;8;8;22;1511;1;2;3;1;1;217;SAINT-LAURENT (RUE DU);;;;760
200800043872;8;8;11;2125;2;2;1;1;7;351;JACQUES ANQUETIL (AVENUE;;;;760
200800043917;8;8;4;1955;1;2;3;1;3;168;BRODERIES (RUE DES);;;;780
200800043933;8;8;14;1120;1;2;2;1;3;498;RN 190;;;;780
200800043941;8;8;20;1945;1;2;1;1;6;621;COMMUNE DE PARIS (SQUARE;;;;780
200800043943;8;8;3;1720;1;2;3;1;3;322;JEAN JAURES (AVENUE);;;;780
200800043959;8;8;29;1805;1;2;2;1;3;191;9, JULES SIEGFRIED;;;;790
200800043978;8;8;12;1600;1;2;1;1;3;21;00, LOUIS BLANC (AVENUE);;;;800
200800044012;8;8;4;1635;1;2;1;1;3;50;25, CARNOT(AVENUE LAZARE;;;;830
200800044014;8;8;14;1755;1;2;1;1;7;50;CALADE(CHEMIN DE LA);;;;830
200800044028;8;8;8;1200;1;2;1;1;3;9;000, BEAUSSET (ROUTE DU);;;;830
200800044030;8;8;8;900;1;2;1;1;6;129;000, KENNEDY (AVENUE J.);;;;830
200800044042;8;8;20;1240;1;2;1;1;1;137;CARNOT (AVE LAZARE);;;;830