Num_Acc;an;mois;jour;hrmn;lum;agg;int;atm;col;com;adr;gps;lat;long;dep
200800044055;8;8;13;1147;1;2;1;1;3;7;REALPANIER (Rond point d;;;;840
200800044057;8;8;17;1040;1;2;1;1;6;7;CHARLES DE GAULLE;;;;840
200800044063;8;8;28;1745;1;2;1;1;3;7;WETZLAR (Avenue de );;;;840
200800044069;8;8;1;1900;1;2;1;1;6;194;BLANDIN (RUE AUGUSTE);;;;850
200800044070;8;8;1;1205;1;2;1;1;2;194;TABARLY (BOULEVARD ERIC);;;;850
200800044076;8;8;15;1605;1;2;1;1;6;194;10, HALLES (RUE DES);;;;850
200800044091;8;8;24;1015;1;2;1;1;6;123;732, RESISTANCE (AVENUE);;;;830
200800044136;8;8;21;1216;1;2;1;1;3;85;3, DUMAS (AVENUE GEORGES;;;;870
200800044137;8;8;21;1548;1;2;1;1;6;85;LADOUMEGUE (RUE JULES);;;;870
200800044152;8;8;29;1315;1;1;1;1;6;65;RD979;;;;870
200800044158;8;8;30;1115;1;2;1;1;3;209;00, CITES NOUVELLES (RUE;;;;880
200800044163;8;8;6;550;2;2;1;2;6;287;0, LIBERTE (AVENUE);;;;890
200800044171;8;8;13;1345;1;2;3;1;3;10;1, VIEIL ARMAND (RUE DU);;;;900
200800044173;8;8;16;1615;1;2;3;1;3;10;1, GERMINAL (RUE);;;;900
200800044179;8;8;30;1255;1;2;1;1;6;10;1, LIBERTE (PLACE DE LA);;;;900
200800044185;8;8;21;1405;1;2;1;1;3;114;CHARLES DE GAULLE;;;;910
200800044192;8;8;9;1130;1;1;1;1;6;301;AUCUN, RD 612;;;;340
200800044199;8;8;4;1800;1;2;1;1;6;238;41, LEGRAVEREND;;;;350
200800044223;8;8;29;1100;1;2;1;1;7;238;00, SAINT-MARTIN;;;;350
200800044224;8;8;29;1615;1;2;1;1;2;238;40, TOUR D'AUVERGNE (BD;;;;350
200800044228;8;8;6;800;1;2;6;1;2;288;000, FRANCAIS LIBRES (RO;;;;350
200800044240;8;8;25;1835;1;2;1;1;6;44;8, PEPINIERES (DES);;;;360
200800044245;8;8;23;1450;1;2;1;1;3;233;84/86, MORINERIE (CHEMIN;;;;370
200800044246;8;8;31;1750;1;2;2;1;5;122;BERGEONNERIE (RUE DE LA);;;;370
200800044262;8;8;22;1750;1;2;1;1;3;151;00, AVENUE DU 8 MAI 1945;;;;380
200800044288;8;8;2;130;5;2;3;1;3;55;2, HENNECART ( BOULEVARD;;;;440
200800044299;8;8;1;745;1;2;1;1;6;190;102, RUE DU GENERAL DE G;;;;440
200800044306;8;8;9;1303;1;2;3;1;2;544;78, GENERAL LECLERC(AV);;;;380
200800044311;8;8;8;1835;1;2;1;1;5;279;CENTRE AERE (RUE DU);;;;400
200800044318;8;8;7;1210;1;2;7;1;6;88;FOCH (COURS DU MARECHAL);;;;400
200800044334;8;8;28;1825;1;1;1;1;3;212;D 956;;;;410
200800044342;8;8;29;1900;1;2;1;1;6;183;1, CARNOT (RUE SADI);M;4524561.0;421913.0;420
200800044357;8;8;14;1920;1;2;2;1;3;95;57, ONZE NOVEMBRE (AVENU;M;4452340.0;348336.0;480
200800044362;8;8;3;1350;1;2;3;1;3;7;CAMUS BOULEVARD;;;;490
200800044365;8;8;8;1837;1;2;3;1;3;246;0, JEMMAPES QUAI;;;;490
200800044372;8;8;8;1410;1;2;6;1;3;109;., BOULEVARD ALBERT THOM;;;;440
200800044375;8;8;12;955;1;2;6;1;3;143;COMMUNE DE 1871 (RUE DE;;;;440
200800044378;8;8;18;1140;1;2;6;1;3;190;RUE DE LA CROIX BINE;;;;440
200800044381;8;8;21;1730;1;2;6;1;3;109;CHAUSSEE DE LA MADELEINE;;;;440
200800044417;8;8;18;1915;1;2;1;1;6;302;258, CHARTRES (ANCIENNE;;;;450
200800044424;8;8;20;1803;1;2;1;1;3;7;0, ARENES;;;;490
200800044434;8;8;28;1524;1;2;1;1;6;7;0, LISE;;;;490
200800044438;8;8;29;1837;1;2;1;1;7;353;0, BAHONNEAU BOULEVARD;;;;490
200800044441;8;8;18;525;5;2;2;1;3;99;1, PORTE BARON (RUE DE L;;;;490
200800044458;8;8;20;1810;1;1;1;1;7;602;00, COUPLETS (ROUTE DES);;;;500
200800044462;8;8;25;1330;1;2;1;1;6;129;171, PARIS (AVENUE DE);;;;500
200800044466;8;8;31;1500;1;2;3;1;3;129;00, LELEDIER (RUE);;;;500
200800044469;8;8;28;854;1;2;1;1;2;108;66, FAGNIERES (RUE DE);;;;510
200800044488;8;8;14;1040;1;2;1;1;6;448;1, COMMUNE DE PARIS (RUE;;;;520
200800044495;8;8;2;1345;1;2;6;1;3;184;1, GREMILLON ( AVENUE DU;;;;540
200800044501;8;8;9;1710;1;2;1;1;3;274;49, REPUBLIQUE (RUE DE L;;;;540
200800044510;8;8;21;1719;1;2;1;1;6;395;183, STRASBOURG (AVENUE;;;;540
200800044512;8;8;25;1540;1;2;2;1;6;395;SAINT JEAN (RUE);;;;540
200800044525;8;8;4;715;1;2;3;3;3;505;PIERRE GOUBET ET JEAN VA;;;;550
200800044533;8;8;5;1340;1;2;6;1;3;121;., BEAUFORT ( PL. DES FR;;;;560
200800044535;8;8;6;937;1;2;1;1;3;121;., MANIO ( ECHANGEUR ET;;;;560
200800044536;8;8;7;2150;1;2;1;1;7;121;27, JAURES ( AVE JEAN );;;;560
200800044537;8;8;8;1730;1;2;1;1;7;121;., BRAILLE (RUE LOUIS);;;;560
200800044541;8;8;13;1325;1;1;1;1;7;83;., HALAGE (RUE  DU );;;;560
200800044546;8;8;15;1725;1;2;2;1;3;121;., VOLTAIRE (RUE);;;;560
200800044547;8;8;16;504;1;2;1;2;7;121;13, CHAIGNEAU (RUE);;;;560
200800044550;8;8;19;1100;1;2;1;1;7;121;., BLANQUI (RUE  LOUIS);;;;560
200800044559;8;8;29;2020;1;2;1;1;7;98;1, SAKHAROV (RUE  ANDRE;;;;560
200800044567;8;8;8;1325;1;2;1;1;7;260;., WILSON(AVENUE);;;;560
200800044589;8;8;22;2300;5;2;2;2;3;463;00, PARAIGES (PLACE DES;;;;570
200800044592;8;8;29;725;1;2;1;1;3;463;7, BLIDA (AVENUE DE );;;;570
200800044601;8;8;26;920;1;2;1;1;6;672;0, CLEMENCEAU (AVENUE) 1;;;;570
200800044611;8;8;29;1725;1;2;1;1;6;194;12, TREIZIEME DE LIGNE;;;;580
200800044617;8;8;24;1410;1;2;1;1;2;327;06, C (ALLEE - CITE DU N;;;;590
200800044622;8;8;20;720;1;2;9;1;3;183;MINCK - PLACE;;;;590
200800044627;8;8;24;5;5;2;2;1;3;273;140, BROSSOLETTE (RUE PI;;;;590
200800044643;8;8;10;1615;1;2;2;1;3;350;116, LIBERTE BVD N°147 A;;;;590
200800044644;8;8;11;1100;1;2;2;1;3;9;8 MAI 1945 RUE DU A PART;;;;590
200800044646;8;8;11;1930;1;2;1;1;3;350;22, MAGASIN RUE;;;;590
200800044650;8;8;12;2050;2;2;3;8;6;350;00, POT RUE LONG;;;;590
200800044651;8;8;15;1915;1;2;1;1;6;350;810, DUNKERQUE AVENUE;;;;590
200800044652;8;8;16;1100;1;2;3;1;3;350;001, JACQUARD RUE;;;;590
200800044683;8;8;6;1800;1;1;2;1;3;512;LACROIX (RUE BOULEVARD);;;;590
200800044690;8;8;26;1700;1;2;1;1;1;650;ESPIERRE (RUE DE L');;;;590
200800044691;8;8;29;1345;1;2;1;1;6;512;LALANDE (RUE);;;;590
200800044695;8;8;20;753;1;2;1;1;3;526;07, DE LOUISE DE BETTIGN;;;;590
200800044706;8;8;29;2130;5;1;6;1;3;98;AUGER (RUE);;;;590
200800044708;8;8;31;1530;1;2;1;1;2;508;LINSELLES (RUE DE);;;;590
200800044709;8;8;24;1845;1;2;1;1;2;564;15, DELORY (RUE GUSTAVE);;;;590
200800044713;8;8;19;1030;1;2;1;1;6;479;22, GLINEUR (RUE DU COLO;;;;590
200800044720;8;8;25;800;1;2;6;1;6;369;00, JAURES (RUE JEAN);;;;590
200800044721;8;8;5;1800;1;2;1;1;6;57;9, VIGNES (RUE DES);;;;600
200800044728;8;8;30;1550;1;2;1;1;2;169;48, RICHARD LENOIR (RUE);;;;610
200800044736;8;8;20;1135;1;2;3;1;3;570;ALLENDE (BD SALVADOR);;;;620
200800044744;8;8;31;1320;1;2;9;1;1;160;32, GUYNEMER (Rue George;;;;620
200800044747;8;8;1;1930;1;2;1;1;3;193;GAUGUIN (RUE P.);;;;620
200800044754;8;8;12;1335;1;2;2;1;3;215;sans, PLACHEZ (R EDOUARD;;;;620
200800044757;8;8;30;1635;1;2;1;1;3;215;712, COURRIERES (RTE DE);;;;620
200800044759;8;8;26;1215;1;2;1;1;3;413;195, FUSILLES (R DES);;;;620
200800044764;8;8;24;1110;1;2;1;1;6;133;100, REPUBLIQUE (AV. DE;;;;620
200800044771;8;8;30;845;1;2;3;7;3;218;sans, QUATORZE JUILLET (;;;;620
200800044776;8;8;30;2100;2;2;1;1;6;386;., LEBACQ (R NAPOLEON );;;;620
200800044777;8;8;10;1740;1;2;3;1;6;23;1, OBLET (CHEMIN DE L' );;;;620
200800044778;8;8;29;1615;1;2;1;1;3;83;14, FRESNICOURT (RUE DE);;;;620
200800044791;8;8;12;1715;1;2;1;1;2;113;28, JULIEN (AVENUE);;;;630
200800044804;8;8;26;1930;1;2;1;1;6;113;-, TORPILLEUR SIROCCO (R;;;;630
200800044808;8;8;30;1215;1;1;2;1;6;14;., ROUSSILLON (AVENUE DU;;;;630
200800044812;8;8;30;1045;1;2;1;1;6;103;RD 455;;;;630
200800044839;8;8;7;755;1;2;2;2;3;445;1, FRERES CAMORS DES;;;;640
200800044840;8;8;7;1325;1;2;1;1;1;445;0, BATSALLE DE;;;;640
200800044852;8;8;21;1940;1;2;1;1;6;445;42, LOUIS SALLENAVE;;;;640
200800044859;8;8;31;1740;1;2;6;1;2;269;1, TARBES DE;;;;640
200800044868;8;8;27;700;1;2;1;1;3;545;RD810;;;;640
200800044870;8;8;31;1715;1;2;1;1;3;260;84, RICHELIEU (RUE);;;;640
200800044875;8;8;1;1400;1;2;6;1;3;440;., LOURDES (ROND-POINT R;;;;650
200800044880;8;8;21;2140;5;2;1;1;6;440;., CLAUZIER (CHEMIN DU);;;;650
200800044906;8;8;2;1220;1;2;1;1;6;482;51, RATHSAMHAUSEN (RUE D;;;;670
200800044909;8;8;5;930;1;2;1;1;6;447;6, BENFELD (RUE DE);;;;670
200800044910;8;8;6;1245;1;2;2;1;3;482;0, MARECHAL JOFFRE (RUE;;;;670
200800044914;8;8;9;1035;1;2;1;2;2;218;167, LYON (RTE DE);;;;670
200800044915;8;8;9;1425;1;2;1;1;3;482;MONTESQUIEU (RUE);;;;670
200800044922;8;8;24;1140;1;2;2;1;6;482;0, COULAUX (RUE);;;;670
200800044932;8;8;29;1200;1;2;1;1;2;482;123, OBERHAUSBERGEN (ROU;;;;670
200800044933;8;8;30;1700;1;2;1;1;6;218;10, ROSEAUX (RUE DES);;;;670
200800044935;8;8;30;1720;1;2;2;1;3;218;CHARLES BAUDELAIRE (RUE);;;;670
200800044947;8;8;14;1740;1;2;1;1;6;224;55, D.M.C. (AVENUE);;;;680
200800044953;8;8;28;1435;1;2;1;1;3;224;21A, THANN (RUE DE);;;;680
200800044958;8;8;1;1620;1;2;1;3;3;152;130, EUROPE (DE L');;;;690
200800045006;8;8;12;1740;1;2;1;1;3;2;187, GENERAL DE GAULLE (;;;;920
200800045057;8;8;14;1740;1;2;1;2;3;278;10, PARIS (DE);;;;220
200800045074;8;8;20;1335;1;2;9;1;2;53;MITTERAND (AVENUE FRANCO;;;;240
200800045076;8;8;1;1801;1;2;1;1;3;56;1, TARRAGNOZ FAUBOURG;;;;250
200800045078;8;8;2;1135;1;2;2;1;3;56;sans, VOIRIN RUE;;;;250
200800045103;8;8;18;1145;1;2;6;1;6;281;DEVAL PAUL (ROND POINT);;;;260
200800045106;8;8;24;1215;1;2;6;1;6;281;GENISSIEUX (ROUTE DE);;;;260
200800045115;8;8;15;515;5;1;1;1;6;362;93, CARNOT AVENUE SADI;;;;260
200800045118;8;8;18;1520;2;2;1;1;6;362;263, FAVENTINES RUE;;;;260
200800045124;8;8;29;1620;1;2;1;1;3;229;1, VERNON (RUE DE);;;;270
200800045130;8;8;1;1630;1;2;1;1;6;85;SANS, EPARS (PLACE DES);;;;280
200800045147;8;8;14;1710;1;2;1;8;3;19;5, DESFOSSES ROMAIN (AMI;;;;290
200800045153;8;8;27;2010;2;2;2;1;6;19;14, DANTON;;;;290
200800045179;8;8;3;1205;1;2;1;1;7;189;222, DELVINCOURT CLAUDE;M;4385620.0;438571.0;300
200800045203;8;8;26;1752;1;2;2;1;3;189;PAIX (RUE);;;;300
200800045233;8;8;6;1235;1;2;1;1;2;555;999, RUE DU FAUBOURG BON;;;;310
200800045236;8;8;7;120;5;2;1;2;2;555;999, RUE MATABIAU;;;;310
200800045254;8;8;17;2010;1;2;1;1;3;555;139, CHE DE LANUSSE;;;;310
200800045266;8;8;25;1020;1;2;1;1;2;555;999, BD LASCROSSES;;;;310
200800045268;8;8;26;840;1;2;1;1;1;555;999, AV DE LARDENNE;;;;310
200800045274;8;8;29;1050;1;2;1;1;3;555;999, AV M BOURGES MAUNOU;;;;310
200800045280;8;8;12;1725;1;2;1;1;1;9;6, MER (BD DE LA);;;;330
200800045304;8;8;12;1705;1;2;2;1;3;63;CRS JOURNU AUBER;;;;330
200800045305;8;8;13;1208;1;2;1;1;3;63;ALL DE BRISTOL;;;;330
200800045309;8;8;8;1450;1;2;6;1;3;192;RUE DE LA CROIX DE MONJO;;;;330
200800045314;8;8;19;755;1;2;3;3;3;63;38, RUE LUCIEN FAURE;;;;330
200800045317;8;8;20;1700;1;2;3;1;3;249;ROC ROCADE RIVE DROITE;;;;330
200800045319;8;8;21;1845;1;2;3;1;3;63;AVE MAL DE LATTRE TASSIG;;;;330
200800045324;8;8;24;2025;1;2;5;1;3;63;CRS DE LA LIBERATION;;;;330
200800045329;8;8;21;1830;1;2;6;1;3;281;AVE ROLAND GARROS;;;;330
200800045336;8;8;22;1840;1;2;3;1;3;281;AVE LEON BLUM;;;;330
200800045342;8;8;24;1055;1;2;3;1;3;522;CRS DE LA LIBERATION;;;;330
200800045348;8;8;30;2340;5;2;3;2;3;63;QUAI DES CHARTRONS;;;;330
200800045360;8;8;1;1845;1;2;1;1;3;3;GENTILSHOMMES (H16 A L17;;;;340
200800045362;8;8;4;1745;1;2;2;1;3;3;JAURES (D6 A D7 ET E13;;;;340
200800045372;8;8;5;1745;1;2;1;1;1;32;DOMAINE DE LA GALINIERE;;;;340
200800045395;8;8;8;1630;1;2;1;1;2;172;EUROPE (AVENUE DE L');M;4363078.0;382258.0;340
200800045414;8;8;19;1228;1;2;4;1;7;172;sans, LIBERTE (AVENUE DE;M;4360460.0;386513.0;340
200800045421;8;8;22;1630;1;2;6;1;1;172;GIONO (RUE JEAN);;;;340
200800045437;8;8;19;1110;1;2;1;1;2;53;47, MARBOZ (AVENUEDE - I;;;;10
200800045442;8;8;4;1215;1;2;1;1;6;319;1, BAS. RUE DU;;;;760
200800045454;8;8;19;1600;1;2;1;1;3;681;1, ELUARD. RUE PAUL;;;;760
200800045466;8;8;25;1655;1;2;1;1;3;13;22, CAVILLON (RUE ANIZAN;;;;930
200800045489;8;8;30;1420;1;2;2;1;6;71;19bis, LIVRY (AVENUE DE);;;;930
200800045502;8;8;5;1905;1;2;1;1;7;29;00, REPUBLIQUE (BOULEVAR;;;;60
200800045549;8;8;20;1015;1;2;3;1;3;4;JUIN AV.MARECHAL;;;;60
200800045551;8;8;23;950;1;2;1;1;2;4;WYLLIE AV.JAMES;;;;60
200800045571;8;8;22;1315;1;2;6;1;3;123;VERDUN AVENUE DE;;;;60
200800045614;8;8;26;945;1;2;6;1;3;83;1, VERDUN (AVENUE DE);;;;60
200800045616;8;8;24;1215;1;2;3;1;5;83;11, FAURE (AVENUE FELIX);;;;60
200800045638;8;8;8;615;2;2;2;1;3;88;0, GAMBETTA (A PARTIR DU;;;;60
200800045658;8;8;13;800;1;2;2;1;6;88;0, GARNIER (BD JOSEPH);;;;60
200800045673;8;8;19;1430;1;2;1;1;6;88;0, JAURES (BD JEAN);;;;60
200800045718;8;8;2;545;5;2;2;1;1;387;PIERRE BROSSOLETTE (RUE);;;;100
200800045724;8;8;28;1435;1;2;3;1;6;343;22, DEUX HAIES (RUE DES);;;;100
200800045771;8;8;1;1810;1;2;6;1;3;47;., Rond point Jets d'eau;;;;130
200800045772;8;8;7;800;1;2;1;1;2;47;., Rond point des Bellon;;;;130
200800045777;8;8;16;1625;1;2;1;1;2;102;CALDERON  BLD J.L.;;;;130
200800045786;8;8;4;1915;1;2;1;1;2;55;34, HAIFA (AVENUE);;;;130
200800045820;8;8;2;1000;1;2;1;1;7;55;45, POMPIDOU (PROMENADE);;;;130
200800045823;8;8;8;1735;1;2;1;1;1;55;09, SAINT ANTOINE (CHEMI;;;;130
200800045884;8;8;16;1550;1;2;4;1;3;55;42, ODESSA (AVENUE);;;;130
200800045911;8;8;3;800;1;2;1;1;3;55;314, PRADO (AVENUE);;;;130
200800045917;8;8;25;1920;1;2;3;1;3;55;19, RIBASSIERE (TRAVERSE;;;;130
200800045990;8;8;20;1215;1;2;6;1;3;327;1, BOIS (BOULEVARD DU);;;;140
200800045994;8;8;22;1255;1;2;1;1;3;225;108, GAULLE (RUE DU GAL);;;;140
200800045999;8;8;25;2100;2;2;1;1;3;366;21, FOURNET (PLACE);;;;140
200800046012;8;8;4;1205;1;2;1;1;2;299;172990064, BREUIL RUE DU;;;;170
200800046016;8;8;28;1655;1;2;6;1;2;299;172990382, MAISON CAMPAG;;;;170
200800046019;8;8;3;125;5;2;1;1;3;300;Médaillés Militaires;;;;170
200800046021;8;8;5;2029;1;2;6;1;3;300;001, REPUBLIQUE   BOULEV;;;;170
200800046033;8;8;25;1920;1;2;6;1;3;300;001, CHAMP DE MARS   AVE;;;;170
200800046035;8;8;26;904;1;2;1;1;3;300;SARTRE   AVENUE JEAN-PAU;;;;170
200800046038;8;8;27;1950;1;2;9;1;3;300;40, LUXEMBOURG   AVENUE;;;;170
200800046045;8;8;7;1805;1;2;1;1;3;380;113, COTE DE BEAUTE (BOU;;;;170
200800046072;8;8;26;1955;1;2;1;1;6;415;DOUMER 2 A 102 ROCADE OU;;;;170
200800046078;8;8;3;910;1;2;1;8;5;279;VILLAGE D'EN HAUT (ROUTE;;;;180
200800046099;8;8;5;2028;1;2;2;1;3;231;CARNOT (BOULEVARD);;;;210
200800046121;8;8;29;1730;1;1;2;1;1;285;;M;0.0;0.0;810
200800046136;8;8;27;1745;1;1;1;1;7;16;;M;0.0;0.0;810
200800046153;8;8;2;915;1;1;1;1;1;227;;M;0.0;0.0;690
200800046190;8;8;8;1730;1;1;2;1;3;325;;M;0.0;0.0;10
200800046199;8;8;20;1715;1;1;1;1;1;235;;M;0.0;0.0;260
200800046207;8;8;23;1715;1;2;1;1;3;162;CD137;M;0.0;0.0;260
200800046209;8;8;30;100;3;1;1;1;1;119;;M;4512900.0;481900.0;260
200800046212;8;8;20;1815;1;1;1;1;3;153;;M;0.0;0.0;380
200800046213;8;8;9;1215;1;1;1;1;4;503;;M;0.0;0.0;380
200800046218;8;8;10;930;1;1;1;1;3;416;;M;0.0;0.0;380
200800046226;8;8;2;1245;1;2;1;1;1;138;faubourg des moulins;M;4572900.0;525500.0;380
200800046236;8;8;21;845;1;1;1;1;1;406;;M;4544200.0;509300.0;380
200800046255;8;8;30;845;1;2;1;7;6;167;LES VALLATS;M;0.0;0.0;70
200800046264;8;8;27;1245;1;1;1;1;7;291;;M;0.0;0.0;70
200800046274;8;8;8;1445;1;2;1;1;1;113;avenue sadi carnot;M;4476000.0;536900.0;260
200800046290;8;8;2;2000;1;2;1;1;3;309;route de pommery;M;0.0;0.0;740
200800046302;8;8;11;945;1;1;1;1;1;261;;M;4624500.0;639700.0;740
200800046318;8;8;28;1345;1;1;1;1;2;54;;M;4549800.0;325400.0;630
200800046330;8;8;3;2145;5;2;1;1;1;42;lieu dit Les Combes RD44;M;4571800.0;580200.0;730
200800046338;8;8;27;1415;1;1;1;1;1;201;;M;4573700.0;614200.0;730
200800046339;8;8;13;1300;1;2;1;1;3;187;RD 213;M;4554300.0;646900.0;730
200800046348;8;8;2;1330;1;2;1;1;1;173;route du jaillet;M;0.0;0.0;740
200800046357;8;8;28;1500;1;2;1;1;1;148;RUE DU MOULIN;M;4590000.0;322000.0;630
200800046367;8;8;9;1400;1;1;1;1;3;253;;M;0.0;0.0;30
200800046370;8;8;5;1700;1;1;2;1;3;246;;M;0.0;0.0;30
200800046378;8;8;9;1745;1;1;1;1;7;8;;M;0.0;0.0;30
200800046382;8;8;4;1600;1;1;1;1;1;184;;M;4473800.0;223300.0;150
200800046386;8;8;6;1115;1;1;1;1;7;66;;M;4512400.0;264700.0;150
200800046387;8;8;5;1430;1;1;1;1;1;202;;M;0.0;0.0;150
200800046388;8;8;16;1215;1;1;1;1;5;66;;M;4516200.0;256900.0;150
200800046403;8;8;19;1900;1;1;1;2;6;226;;M;4536700.0;353600.0;430
200800046416;8;8;6;745;1;2;1;1;1;701;val de metz/selliere;M;4910300.0;608700.0;570
200800046430;8;8;14;1145;1;1;1;7;3;483;;M;4891400.0;674300.0;570
200800046457;8;8;12;845;1;1;3;3;3;366;;M;4881600.0;510900.0;550
200800046462;8;8;3;2330;3;1;1;1;6;215;;M;4846800.0;543400.0;550
200800046472;8;8;27;1230;1;2;1;7;3;204;PK 16+850;M;4826800.0;643900.0;880
200800046486;8;8;21;1400;1;2;1;1;1;165;CD 424 RUE DE PAJAILLE;M;4836400.0;684500.0;880
200800046493;8;8;3;1530;1;2;1;1;3;520;rue des Jardins;M;4864200.0;744600.0;670
200800046499;8;8;21;2115;3;1;1;1;1;434;;M;0.0;0.0;670
200800046507;8;8;31;1800;1;1;1;9;1;239;;M;4826000.0;741100.0;670
200800046516;8;8;3;1830;1;1;1;1;3;258;;M;0.0;0.0;740
200800046524;8;8;27;1130;1;2;3;1;3;233;rue bury;M;5013200.0;396700.0;590
200800046560;8;8;10;1630;1;2;1;1;3;464;RUE DE EU;M;0.0;0.0;800
200800046605;8;8;8;1730;1;2;9;1;3;103;Avenue de la liberation;M;4967000.0;242300.0;600
200800046629;8;8;31;1015;1;1;1;1;6;351;;M;0.0;0.0;600
200800046656;8;8;23;1345;1;2;3;1;1;621;le bourg;M;0.0;0.0;760
200800046682;8;8;8;1600;1;2;1;1;1;311;RUE AUX ROUX LE CLOS FLE;M;0.0;0.0;270
200800046695;8;8;11;1715;1;2;1;1;1;23;rue de dinan;M;0.0;0.0;350
200800046699;8;8;29;1415;1;2;1;1;7;115;21 boulevard de Groslay;M;0.0;0.0;350
200800046708;8;8;14;1600;1;1;1;1;3;57;;M;0.0;0.0;350
200800046715;8;8;26;730;1;1;1;1;3;85;;M;0.0;0.0;350
200800046719;8;8;1;2200;3;1;1;1;1;82;;M;0.0;0.0;350
200800046721;8;8;15;1445;1;1;1;1;1;108;;M;4795400.0;-140000.0;350
200800046731;8;8;15;1930;1;1;1;1;1;20;;M;0.0;0.0;220
200800046748;8;8;30;1000;1;2;1;1;3;58;rue de kerneveleck;M;4789300.0;-401500.0;290
200800046753;8;8;25;1915;1;1;1;1;1;171;;M;0.0;0.0;290
200800046756;8;8;17;1545;1;1;3;1;3;16;;M;4832400.0;-396300.0;290
200800046760;8;8;9;1615;1;1;1;1;1;22;;M;0.0;0.0;290
200800046771;8;8;14;1900;1;2;1;1;3;34;48 rue du Po;M;4758800.0;-309200.0;560
200800046789;8;8;5;2045;1;2;1;1;7;741;La Ransonniere;M;0.0;0.0;140
200800046900;8;8;1;1100;1;1;1;1;3;138;;M;4828800.0;2400.0;720
200800046920;8;8;14;1700;1;2;3;1;1;71;280 rue Charles de Gaull;M;0.0;0.0;850
200800046923;8;8;13;1630;1;2;1;1;1;234;route des sables;M;4679400.0;-203900.0;850
200800046925;8;8;17;1315;1;2;1;1;1;234;avenue valentin;M;4678000.0;-205100.0;850
200800046933;8;8;22;645;3;2;1;3;5;273;AV general LECLERC, CD;M;0.0;0.0;330
200800046941;8;8;8;1815;1;2;1;1;2;225;CD 11, Lieu dit Artigues;M;4458000.0;-40000.0;330
200800046949;8;8;3;1230;1;1;1;1;7;471;;M;0.0;0.0;330
200800046957;8;8;17;115;3;1;1;1;5;191;;M;4501500.0;3300.0;330
200800047005;8;8;21;1945;2;1;1;7;1;234;;M;0.0;0.0;470
200800047012;8;8;13;1030;1;1;1;1;3;161;;M;4432500.0;85800.0;470
200800047020;8;8;29;1100;1;1;1;1;1;370;;M;4336500.0;-28700.0;640
200800047026;8;8;28;1900;1;2;1;1;3;62;;M;0.0;0.0;640
200800047053;8;8;9;1500;1;1;1;1;2;1;;M;4610800.0;70900.0;160
200800047088;8;8;24;1800;1;2;1;1;1;226;RUE DE SAINTE MEME;M;0.0;0.0;170
200800047103;8;8;25;1930;1;2;9;1;7;292;Route de NANTES;M;0.0;0.0;790
200800047126;8;8;27;1530;1;1;1;1;6;250;;M;4550900.0;149400.0;190
200800047133;8;8;23;1400;1;1;1;1;1;230;;M;4542600.0;144800.0;190
200800047159;8;8;15;945;1;2;1;1;1;80;Boulevard desPyrenees;M;0.0;0.0;310
200800047161;8;8;24;1815;1;2;1;1;1;108;CD15;M;4302400.0;133700.0;90
200800047186;8;8;3;1130;1;1;1;1;6;408;;M;4380700.0;-3400.0;320
200800047195;8;8;2;1815;1;1;1;1;3;27;;M;0.0;0.0;320
200800047248;8;8;21;1645;1;2;1;1;2;192;avenue comte de melgueil;M;0.0;0.0;340
200800047269;8;8;20;1115;1;2;9;1;6;260;CD15 route de Givors;M;0.0;0.0;690
200800047289;8;8;5;1815;1;2;1;1;1;178;Route depatementale 430;M;4795000.0;713900.0;680
200800047336;8;8;19;1200;1;2;1;1;3;491;rue de l'industrie;M;4973400.0;484100.0;80