Num_Acc;an;mois;jour;hrmn;lum;agg;int;atm;col;com;adr;gps;lat;long;dep
200800047337;8;8;6;1830;1;2;1;7;3;97;;M;4931100.0;474800.0;80
200800047349;8;8;19;1915;1;1;1;1;2;280;;M;0.0;0.0;100
200800047381;8;8;27;1645;1;1;1;1;1;208;;M;0.0;0.0;580
200800047396;8;8;24;1000;1;2;1;1;3;263;rue fernand point;M;4663200.0;522700.0;710
200800047418;8;8;28;1145;1;2;1;1;2;380;rue Jeanne d'Arc;M;4807800.0;309700.0;890
200800047445;8;8;26;1345;1;2;2;1;6;415;Rue Futin;M;4693900.0;534100.0;390
200800047463;8;8;6;815;1;1;1;1;5;72;;M;4343000.0;562000.0;130
200800047467;8;8;17;1215;1;1;1;1;3;4;;M;0.0;0.0;130
200800047480;8;8;16;1615;1;1;1;1;3;116;;M;0.0;0.0;40
200800047508;8;8;3;1145;1;1;1;1;3;33;;M;0.0;0.0;60
200800047509;8;8;22;915;1;1;9;1;3;33;;M;0.0;0.0;60
200800047531;8;8;5;900;1;1;1;1;3;93;;M;0.0;0.0;830
200800047556;8;8;13;830;1;1;1;1;2;16;;M;0.0;0.0;830
200800047564;8;8;19;1000;1;2;6;1;2;54;place victor hugo;M;0.0;0.0;840
200800047572;8;8;26;800;1;1;1;1;2;30;;M;0.0;0.0;840
200800047575;8;8;16;1330;1;1;1;1;1;69;;M;0.0;0.0;840
200800047576;8;8;23;1445;1;1;1;1;1;17;;M;0.0;0.0;840
200800047578;8;8;2;845;1;1;1;1;7;19;;M;4428100.0;477500.0;840
200800047593;8;8;28;1030;1;2;1;1;2;258;D154;M;4346900.0;318300.0;340
200800047602;8;8;14;815;1;2;1;7;1;299;pont de Serignan;M;4328500.0;328900.0;340
200800047603;8;8;18;1900;1;1;1;1;5;299;;M;4327700.0;328600.0;340
200800047624;8;8;9;830;1;1;1;1;1;299;;M;4315000.0;229000.0;110
200800047630;8;8;13;2200;3;1;1;1;2;116;;M;4326000.0;300600.0;110
200800047642;8;8;25;1045;1;2;1;1;2;333;c113 av ROBERT DE JOLY;M;0.0;0.0;300
200800047653;8;8;3;1200;1;2;1;1;5;334;Avenue MAXIME PASCAL;M;4402000.0;442600.0;300
200800047676;8;8;2;1615;1;1;1;1;3;80;;M;4474100.0;383800.0;480
200800047688;8;8;22;515;3;1;1;1;1;8;;M;0.0;0.0;660
200800047693;8;8;26;1400;1;1;1;1;6;43;;M;0.0;0.0;660
200800047706;8;8;10;1500;1;1;1;1;1;160;;M;4180500.0;898800.0;201
200800047722;8;8;27;930;1;1;1;1;1;179;;M;0.0;0.0;202
200800047757;8;8;28;1730;1;1;1;1;1;72;;M;4797500.0;196500.0;450
200800047761;8;8;5;600;2;2;1;1;6;317;;M;4777000.0;161100.0;450
200800047789;8;8;6;1830;1;2;1;1;3;199;09, rue de la madeleine;M;4820600.0;188100.0;280
200800047794;8;8;6;1530;1;2;1;1;3;275;rue de Pierres;M;0.0;0.0;280
200800047811;8;8;5;915;1;1;1;1;1;31;;M;0.0;0.0;370
200800047818;8;8;25;1430;1;1;1;1;5;252;;M;0.0;0.0;410
200800047825;8;8;2;1645;1;2;1;2;2;503;avenue de l'ocean;M;0.0;0.0;330
200800047849;8;8;25;1445;1;1;1;1;3;183;;M;0.0;0.0;510
200800047895;8;8;11;1745;1;1;1;1;2;67;;M;0.0;0.0;410
200800047910;8;8;4;945;1;1;1;1;7;52;;M;4507100.0;604300.0;380
200800047911;8;8;12;1845;1;1;1;2;7;177;;M;4507000.0;604300.0;380
200800047965;8;8;7;815;1;1;6;1;1;152;;M;0.0;0.0;60
200800047974;8;8;18;1900;1;1;1;1;1;240;;M;4752100.0;-278000.0;560
200800047990;8;8;10;1615;1;2;1;1;1;152;Rue de Verdun;M;4852400.0;768400.0;670
200800047992;8;8;3;1230;1;1;1;1;5;343;;M;4861000.0;769800.0;670
200800047994;8;8;28;1715;1;1;6;1;3;343;;M;4861100.0;767900.0;670
200800047998;8;8;28;2100;2;2;9;1;3;530;Rue de la Gare;M;4561700.0;517500.0;380
200800048004;8;8;2;1130;1;1;1;1;3;36;;M;0.0;0.0;470
200800048012;8;7;6;1939;1;2;1;1;7;70;NAPOLEON (RTE);;;;40
200800048015;8;7;7;1905;1;2;6;2;6;109;Néant, PONT DES 3 CONTIN;;;;440
200800048018;8;8;30;1625;1;2;1;1;2;79;2, PARIS (R DE);;;;940
200800048022;8;7;8;1830;1;2;3;1;3;646;PARIS (AVENUE DE);;;;780
200800048046;8;6;15;1800;1;2;6;1;3;264;QUARANTAINE  RUE DE LA;;;;690
200800048060;8;6;26;1135;1;2;1;1;7;215;67, PARIS (RUE DE);;;;770
200800048066;8;4;3;1545;1;2;1;1;2;383;CLAUDE BERNARD (RUE);;;;780
200800048068;8;6;10;950;1;2;1;1;1;208;ZOLA (ALLEE EMILE);;;;780
200800048069;8;6;11;1400;1;1;1;1;1;208;inderm, VILLEDIEU (AVENU;;;;780
200800048078;8;7;31;1705;1;2;3;1;3;383;INDETERM, PERCHE (AVENUE;;;;780
200800048080;8;7;16;1350;1;2;1;1;6;549;203 BIS, CORBEIL (ROUTE;;;;910
200800048143;8;9;16;1000;1;2;9;8;1;69;32 bis rue Centrale;M;0.0;0.0;690
200800048188;8;9;15;930;1;1;1;7;3;94;;M;0.0;0.0;10
200800048199;8;9;15;1530;1;2;1;1;3;4;Avenue Leon Blum;M;0.0;0.0;10
200800048213;8;9;14;1530;1;1;1;1;2;76;;M;0.0;0.0;70
200800048214;8;9;14;1445;1;2;9;1;3;348;quartier bastide;M;0.0;0.0;70
200800048229;8;9;19;1745;1;2;2;1;3;313;RUE DU VIVARAIS;M;0.0;0.0;260
200800048246;8;9;29;1115;1;1;1;1;1;231;;M;0.0;0.0;260
200800048260;8;9;21;1200;1;2;9;1;1;520;ROUTE BOUVARDIERE;M;0.0;0.0;380
200800048262;8;9;19;1400;1;1;2;1;1;139;;M;4574000.0;546200.0;380
200800048264;8;9;11;1630;1;2;1;1;1;64;19 route de Chambery;M;0.0;0.0;380
200800048267;8;9;2;1215;1;1;1;1;3;110;;M;0.0;0.0;380
200800048299;8;9;23;800;1;2;1;1;1;128;cd 911;M;4571900.0;591900.0;730
200800048301;8;9;3;1845;2;2;1;2;1;51;Avenue LE BOURGET DU LAC;M;0.0;0.0;730
200800048306;8;9;7;1615;1;2;1;1;1;248;avenue du Mont Cenis;M;4527600.0;635100.0;730
200800048307;8;9;17;1500;1;2;1;1;3;109;RUE DE LA MAIRIE;M;4545800.0;629500.0;730
200800048319;8;9;3;1545;1;2;1;1;3;264;av. de la route blanche;M;0.0;0.0;740
200800048324;8;9;4;1745;1;2;1;1;1;256;1020 rue cancellieri;M;0.0;0.0;740
200800048346;8;9;17;1700;1;2;1;1;6;273;Avenue de l'Allier;M;4573200.0;324200.0;630
200800048363;8;9;29;1415;1;2;1;1;6;210;Rue Bodet Lafarge;M;0.0;0.0;630
200800048369;8;9;2;1115;1;1;1;1;5;226;;M;4637600.0;386400.0;30
200800048377;8;9;24;1430;1;1;1;1;1;265;;M;0.0;0.0;150
200800048403;8;9;1;1615;1;2;1;1;2;663;Rue  des chenes;M;0.0;0.0;570
200800048404;8;9;2;1130;1;2;1;1;1;156;02 rue de Metz-CD 999;M;0.0;0.0;570
200800048414;8;9;9;1430;1;1;1;1;3;318;;M;0.0;0.0;570
200800048491;8;9;26;1600;1;2;1;1;3;119;rue du General Leclerc;M;4868000.0;769000.0;670
200800048492;8;9;1;1730;1;2;1;1;1;202;CD421;M;4876000.0;758400.0;670
200800048501;8;9;9;1600;1;1;1;1;1;36;;M;0.0;0.0;680
200800048504;8;9;13;1000;1;1;9;2;2;338;;M;4808900.0;729000.0;680
200800048509;8;9;2;1730;1;1;1;1;7;266;;M;4790800.0;735800.0;680
200800048541;8;9;11;1915;1;2;2;1;3;119;Rue Sous La Ville;M;4966800.0;488200.0;80
200800048589;8;9;10;1900;1;2;3;1;1;294;RUE D'ETROYES;M;0.0;0.0;710
200800048599;8;9;22;1115;1;2;1;1;3;263;avenue du Dr Jean Vial;M;0.0;0.0;710
200800048608;8;9;12;1415;1;1;1;1;1;411;;M;0.0;0.0;890
200800048685;8;9;15;1530;1;2;1;1;6;388;rue de Verdun;M;5055600.0;286000.0;590
200800048699;8;9;26;1630;1;2;1;1;1;473;rue du 08 mai;M;0.0;0.0;620
200800048723;8;9;17;1715;1;2;1;1;3;342;31 rue des vergers;M;0.0;0.0;800
200800048761;8;9;6;1445;1;1;1;1;1;129;;M;4953000.0;300600.0;600
200800048771;8;9;15;1645;1;1;1;1;2;282;;M;0.0;0.0;600
200800048778;8;9;21;1015;1;1;6;1;1;357;;M;0.0;0.0;760
200800048829;8;9;3;1530;1;1;2;1;3;171;;M;0.0;0.0;350
200800048836;8;9;10;1445;1;1;1;1;1;208;;M;0.0;0.0;350
200800048840;8;9;14;1000;1;1;1;1;6;56;;M;0.0;0.0;350
200800048912;8;9;12;1915;1;2;6;1;3;712;RUE DU BOIS;M;0.0;0.0;140
200800048935;8;9;28;1115;1;2;1;1;1;412;15 Rue du Pere Albert;M;4934200.0;-169300.0;500
200800048938;8;9;9;1300;1;1;1;3;1;350;;M;0.0;0.0;500
200800048973;8;9;18;645;3;1;1;1;1;20;;M;4746900.0;-63300.0;490
200800048997;8;9;1;1545;1;1;6;1;3;331;;M;0.0;0.0;490
200800049029;8;9;1;1730;1;2;1;1;1;1;RUE PASTEUR;M;0.0;0.0;850
200800049038;8;9;22;1300;1;1;1;1;2;498;;M;0.0;0.0;330
200800049053;8;9;18;1400;1;1;1;1;3;433;;M;4492500.0;-45300.0;330
200800049069;8;9;13;1115;1;1;1;2;1;125;;M;4522000.0;-83200.0;330
200800049105;8;9;27;1600;1;2;1;1;7;150;35 RUE DES ECOLES;M;4387900.0;-130200.0;400
200800049115;8;9;15;1530;1;1;1;1;5;119;;M;4366500.0;-60200.0;400
200800049125;8;9;16;1330;1;2;1;1;3;157;58 rue Robert Creuzet;M;0.0;0.0;470
200800049154;8;9;2;1200;1;2;6;1;3;115;Rond point;M;0.0;0.0;860
200800049173;8;9;10;1445;1;1;1;1;1;94;;M;0.0;0.0;160
200800049177;8;9;27;1430;1;2;6;1;3;94;Rue du port Punay;M;0.0;0.0;170
200800049187;8;9;22;1115;1;1;1;1;1;340;;M;0.0;0.0;170
200800049202;8;9;1;1700;1;1;1;1;1;135;;M;0.0;0.0;170
200800049206;8;9;25;1515;1;1;1;1;1;189;;M;0.0;0.0;790
200800049223;8;9;14;1145;1;2;1;1;3;123;av de la riante borie;M;4517000.0;156500.0;190
200800049256;8;9;25;1845;1;1;1;1;1;188;;M;4357000.0;122000.0;310
200800049261;8;9;12;1830;1;1;1;1;1;82;;M;4359200.0;169300.0;310
200800049263;8;9;10;1700;1;2;9;1;6;429;4 Impasse de la Luze;M;4349600.0;151800.0;310
200800049298;8;9;3;1530;1;1;1;1;1;226;;M;0.0;0.0;460
200800049316;8;9;24;1830;1;2;3;1;3;24;PK4+650 - CD561 -;M;4372300.0;525000.0;130
200800049379;8;9;6;815;1;1;1;1;1;543;;M;4864800.0;-132800.0;500
200800049388;8;9;15;1245;1;2;1;1;3;68;CD 558 - PK 29+200;M;0.0;0.0;830
200800049395;8;9;7;1245;1;2;1;1;3;112;954 chemin du sauvet;M;0.0;0.0;830
200800049444;8;9;24;900;1;1;3;1;1;31;;M;0.0;0.0;340
200800049496;8;9;29;1500;1;1;1;1;3;174;;M;0.0;0.0;660
200800049538;8;9;11;1245;1;2;1;1;2;601;2 hameau de la Huniere;M;0.0;0.0;780
200800049545;8;9;1;1515;1;2;1;1;1;458;rue du blois clair;M;4866600.0;224900.0;910
200800049606;8;9;3;2015;1;2;1;1;7;318;33 grande rue;M;0.0;0.0;280
200800049622;8;9;26;1215;1;1;1;1;2;179;;M;4745000.0;72500.0;370
200800049634;8;9;29;1830;1;1;1;1;6;180;;M;4736900.0;126900.0;410
200800049644;8;9;10;1500;1;1;1;1;2;33;;M;4337800.0;518700.0;130
200800049689;8;9;26;1530;1;2;1;1;7;156;Avenue Victor Laloux;M;0.0;0.0;370
200800049693;8;9;20;2300;3;1;1;1;2;14;;M;0.0;0.0;670
200800049863;8;9;1;1030;1;2;2;2;3;280;36, EUGENE BASTIEN (RUE);;;;540
200800049883;8;9;26;1850;1;2;1;1;6;395;161, STRASBOURG (AVENUE;;;;540
200800049901;8;9;24;1530;1;2;1;1;3;29;46, ROUSSEAU ( RUE JEAN;;;;550
200800049920;8;9;9;1740;1;2;1;1;3;98;., PONT DU BONHOMME (AVE;;;;560
200800049926;8;9;15;1110;1;2;1;1;1;121;44, CHAIGNEAU (RUE);;;;560
200800049932;8;9;23;1117;1;1;2;1;3;162;., LARMOR (ROUTE DE);;;;560
200800049935;8;9;25;1902;1;2;1;1;7;98;., RENOIR (RUE  AUGUSTE;;;;560
200800049936;8;9;26;2050;5;1;6;1;3;162;., FORT BLOQUE (ROUTE DU;;;;560
200800049938;8;9;27;1555;1;2;1;1;3;121;16, CAMUS (RUE  ALBERT );;;;560
200800049947;8;9;21;1700;1;2;1;1;6;260;65, HERRIOT(AVENUE EDOUA;;;;560
200800049976;8;9;30;1040;1;2;1;2;1;616;00, PAUL LANGEVIN (AVENU;;;;570
200800049981;8;9;3;1445;1;2;2;3;3;672;OCEANIE (CHAUSSEE D');;;;570
200800049988;8;9;28;1640;1;2;1;1;7;194;CROIX JOYEUSE (CARREFOUR;;;;580
200800050027;8;9;2;1030;1;2;1;1;6;350;5, DESMET EMILE RUE;;;;590
200800050031;8;9;3;1730;1;2;2;2;3;378;137, DELCENSERIE RUE JUL;;;;590
200800050032;8;9;4;1510;1;2;2;1;3;328;001, B.N.P (DELECAUX RUE;;;;590
200800050039;8;9;8;1900;1;2;2;1;3;9;DECUGIS YVES RUE;;;;590
200800050040;8;9;8;1710;1;2;1;1;1;9;FUSILLES RUE DES DU N°11;;;;590
200800050061;8;9;16;1515;1;2;1;1;6;350;242, SOLFERINO RUE N°208;;;;590
200800050069;8;9;18;820;1;2;3;1;6;350;119, MOLINEL RUE N°IMPAI;;;;590
200800050070;8;9;19;1540;1;2;1;1;3;346;APPERT NICOLAS RUE;;;;590
200800050090;8;9;26;1730;1;2;1;1;6;350;0, LECLERCQ PLACE DU MAR;;;;590
200800050100;8;9;30;1400;1;2;1;2;6;328;16, BONTE AUGUSTE RUE;;;;590
200800050117;8;9;8;1840;1;1;1;1;3;299;GUESDE (RUE JULES);;;;590
200800050125;8;9;12;2200;5;1;2;1;1;512;CARIHEM (RUE DE);;;;590
200800050133;8;9;22;1550;1;2;1;1;3;512;ALMA  (RUE DE L)';;;;590
200800050141;8;9;27;1230;1;1;1;1;3;650;EGALITE (BOULEVARD DE L';;;;590
200800050153;8;9;27;1935;2;2;1;1;3;599;14, CLOCHE (RUE DE LA);;;;590
200800050159;8;9;13;1900;5;2;2;2;6;606;00, BAUDUIN (RUE L'EDIFI;;;;590
200800050168;8;9;29;1850;1;2;1;1;3;32;00, MATISSE (AVENUE HENR;;;;590
200800050178;8;9;30;1830;1;1;1;2;7;414;RD 201_SORTIE 201_ACCES;;;;600
200800050213;8;9;16;910;1;2;3;1;3;637;sans, BLUM (R LEON);;;;620
200800050221;8;9;7;1650;1;2;1;1;6;427;0, MALADRERIE (R DE LA);;;;620
200800050240;8;9;1;1740;1;2;4;1;3;445;0, HENRI FAISANS;;;;640
200800050243;8;9;3;850;1;2;1;1;6;445;0, DUFAU;;;;640
200800050244;8;9;3;835;1;2;2;1;3;445;1, LOUP DU;;;;640
200800050247;8;9;4;1245;1;2;1;1;1;335;1, COTE DU VIGNE;;;;640
200800050256;8;9;12;1515;1;2;1;1;3;445;107, JEAN MERMOZ;;;;640
200800050257;8;9;16;1835;1;2;3;7;3;132;0, LAVANDIERES DES;;;;640
200800050264;8;9;25;845;1;2;1;1;1;445;45, JEAN MERMOZ;;;;640
200800050291;8;9;1;1715;1;1;1;1;6;226;., NATIONALE 21 (ROUTE);;;;650
200800050302;8;9;17;1300;1;2;2;1;3;440;., HARMONIE (RUE DE L');;;;650
200800050309;8;9;12;745;1;2;1;3;1;498;sans, WESTPHALIE (R DU T;;;;620
200800050321;8;9;26;1710;1;1;1;1;3;510;., MITTERAND (AV FRANCOI;;;;620
200800050343;8;9;10;1648;1;2;2;1;3;14;.., PASTEUR (RUE);;;;630
200800050395;8;9;2;2015;2;1;6;1;3;198;D21  ROUTE DE CARNON;;;;340
200800050405;8;9;8;920;1;2;1;1;3;172;1146, SOULAS (AVENUE DU;M;4362164.0;385546.0;340
200800050408;8;9;8;1804;1;2;3;1;3;172;1, PIOCH DE BOUTONNET (R;M;4362084.0;387717.0;340
200800050418;8;9;13;1121;1;2;1;1;3;172;sans, LODEVE (AVENUE DE;;;;340
200800050429;8;9;23;1750;1;2;2;1;1;172;61, MILHAUD (BOULEVARD B;;;;340
200800050434;8;9;27;1050;1;2;3;1;3;172;MOULARES (CHEMIN DE;;;;340
200800050442;8;9;29;900;1;2;1;2;7;172;0, MARIE DE MONTPELLIER;M;4360091.0;389740.0;340
200800050458;8;9;4;910;1;2;9;1;3;238;288, FOUGERES (RUE DE) D;;;;350
200800050460;8;9;5;1310;1;2;9;2;3;238;00, ISLY (RUE D');;;;350
200800050462;8;9;6;700;5;2;2;1;3;238;00, TOULOUSE ( DE);;;;350
200800050473;8;9;17;845;1;2;2;1;3;238;00, CHALOTAIS (DE LA );;;;350
200800050474;8;9;17;1630;1;2;6;1;3;238;00, CHATEAU (AVENUE FRAN;;;;350
200800050476;8;9;18;950;1;2;5;1;6;238;00, SAINT-HELIER;;;;350
200800050478;8;9;19;1635;1;2;1;1;6;238;24, GRIMAULT (BD LEON);;;;350
200800050485;8;9;26;820;1;2;6;1;3;238;00, VILLEBOIS MAREUIL (B;;;;350
200800050486;8;9;28;300;5;2;6;1;3;238;00, VILLEBOIS MAREUIL (B;;;;350
200800050502;8;9;1;1010;1;2;1;2;3;44;ROUSSEAU (JEAN-JACQUES);;;;360
200800050503;8;9;3;1251;1;2;6;2;3;44;MONTAIGNE;;;;360
200800050524;8;9;17;1850;1;2;3;1;3;261;STENDHAL (AVENUE);;;;370
200800050528;8;9;18;1755;1;1;1;1;2;261;MIRABEAU (PONT);;;;370
200800050542;8;9;17;2020;5;2;1;1;3;421;15, RUE DES UNIVERSITÉS;;;;380
200800050549;8;9;23;745;1;2;1;1;3;185;82, RUE DE STALINGRAD;;;;380
200800050551;8;9;25;920;1;2;1;1;3;185;00, AVENUE MARCELIN BERT;;;;380
200800050564;8;9;25;1820;1;2;1;1;3;281;001, KENNEDY (AV DU PDT.;;;;400
200800050569;8;9;10;842;1;2;1;1;3;18;36, VENDOME (AVENUE DE);;;;410
200800050588;8;9;1;1825;1;2;1;1;3;187;1, PROMENADES POPULLE(PO;;;;420
200800050599;8;9;17;1700;1;2;2;1;3;110;ONZION  RUE D';;;;420
200800050600;8;9;12;1720;1;2;3;1;1;110;MAGNIOLIAS RUE DES;;;;420
200800050622;8;9;24;1355;1;2;1;1;3;218;, giratoire Andréi;;;;420
200800050636;8;9;12;800;1;2;6;1;7;132;164, GAULLE (AVENUE DU G;;;;440
200800050637;8;9;17;1200;1;2;1;1;6;132;188, OCEANIDES (BOULEVAR;;;;440
200800050653;8;9;8;700;2;2;1;1;3;162;-, RUE DE LA JOHARDIERE;;;;440
200800050654;8;9;6;905;1;2;6;1;6;190;RUE JEAN MERMOZ;;;;440
200800050657;8;9;9;1815;1;2;3;1;6;109;50, BOULEVARD PASTEUR;;;;440
200800050663;8;9;11;1115;1;2;6;3;3;109;60, RUE DE LA HALUCHERE;;;;440
200800050683;8;9;23;940;1;2;1;1;6;109;PONT DE LA ROTONDE;;;;440
200800050687;8;9;24;735;2;2;1;2;3;109;10, RUE CUVIER;;;;440
200800050690;8;9;25;1710;1;2;1;1;6;143;MARGUYONNES (ROND-POINT;;;;440
200800050691;8;9;26;835;1;2;6;1;2;143;1, RUE DU JAUNAIS;;;;440
200800050695;8;9;26;1440;1;2;1;1;2;109;RUE GASTON MICHEL;;;;440
200800050696;8;9;28;1625;1;2;6;1;6;109;BOULEVARD LOUIS BARTHOU;;;;440
200800050700;8;9;28;1520;1;1;2;1;1;162;1, RD 75;;;;440
200800050709;8;9;30;1710;1;2;2;1;3;184;2, VILLEBOIS MAREUIL (RU;;;;440
200800050711;8;9;1;1120;1;2;1;1;6;284;118, VERDUN (AVENUE DE);;;;450
200800050717;8;9;9;825;1;2;3;1;3;232;sans, VERDUN (AVENUE DE);;;;450
200800050720;8;9;12;1740;1;2;1;1;6;232;505, BELOT (RUE MARCEL);;;;450
200800050731;8;9;25;1155;1;2;1;1;3;234;55, CHATEAUDUN (BOULEVAR;;;;450
200800050739;8;9;22;715;2;2;1;1;1;42;ORMEAUX (COTE DES);;;;460
200800050741;8;9;7;1610;1;2;2;1;3;1;REPUBLIQUE (BOULEVARD DE;;;;470
200800050745;8;9;21;930;1;2;1;1;3;1;LACOUR (BD EDOUARD);;;;470
200800050753;8;9;1;1711;1;2;1;1;3;7;PAPIN;;;;490
200800050772;8;9;8;1552;1;2;1;1;3;7;72, BERANGER;;;;490
200800050779;8;9;12;1134;1;2;1;1;7;7;25, BODINIER;;;;490
200800050782;8;9;12;1820;1;2;2;2;3;7;0, BARDOUL;;;;490
200800050789;8;9;16;1452;1;2;1;1;7;7;0, TARIN;;;;490
200800050790;8;9;16;1640;1;2;1;1;7;246;0, CHAUVIN AVENUE;;;;490
200800050791;8;9;16;1706;1;2;1;1;7;7;0, ARENES;;;;490
200800050794;8;9;17;750;1;2;1;1;7;7;0, ORGEMONT;;;;490
200800050796;8;9;18;714;2;2;1;1;7;7;0, BRISSAC;;;;490
200800050804;8;9;23;747;2;2;1;1;3;7;JOXE AVENUE;;;;490
200800050805;8;9;24;1240;1;2;6;1;7;7;0, PAPIN;;;;490
200800050809;8;9;26;1747;1;2;1;1;6;7;231, PASTEUR AVENUE;;;;490
200800050817;8;9;24;1120;1;2;2;2;2;99;102, CHOUTEAU (BOULEVARD;;;;490
200800050846;8;9;19;1215;1;2;6;1;3;108;1, BAGATELLE (RPT);;;;510
200800050850;8;9;10;1945;1;2;1;1;3;114;ORLEANS (AVENUE D');;;;910
200800050880;8;9;3;1715;1;2;1;1;6;687;57, COMMANDANT BARRE (AV;;;;910
200800050898;8;9;5;2130;4;2;1;1;6;477;200, PARIS (RUE DE);;;;910
200800050903;8;9;14;950;1;2;3;1;6;477;GAMBETTA (RUE);;;;910
200800050907;8;9;17;1445;1;2;1;1;4;64;CD 117 (ROUTE DE JOUY);;;;910
200800050913;8;9;26;1020;1;2;1;1;3;312;0, JAURES (AVENUE JEAN);;;;910
200800050940;8;9;26;805;1;1;3;1;3;4;41, MARNE   ( AVENUE DE;;;;920
200800050945;8;9;10;830;1;2;2;1;3;7;PASTEUR (AVENUE LOUIS) N;;;;920
200800050984;8;9;2;1530;1;2;3;1;3;25;PRESIDENT SALVADOR ALLEN;;;;920
200800051006;8;9;23;1630;1;2;3;1;6;26;17, SAINTE MARIE;;;;920
200800051019;8;9;29;1935;5;2;9;1;3;36;0, MARCEL PAUL (AVENUE);;;;920
200800051027;8;9;28;1530;1;2;1;1;7;40;5, JEANNE D'ARC;;;;920
200800051049;8;9;14;1830;1;2;2;1;3;49;54, BROSSOLETTE AVENUE P;;;;920
200800051070;8;9;24;1140;1;2;3;1;3;62;00, FRANCE (RUE ANATOLE);;;;920
200800051099;8;9;20;1110;1;2;1;1;6;22;., PAVE DE MEUDON (ROUTE;;;;920
200800051122;8;9;8;1515;1;2;1;1;6;1;20, COURNEUVE (RUE DE LA;;;;930
200800051123;8;9;11;1920;2;2;1;2;3;1;80, PRESIDENT ROOSEVELT;;;;930
200800051237;8;9;30;735;2;2;2;1;3;440;., HARMONIE (RUE DE L');;;;650
200800051245;8;9;24;1545;1;2;1;1;6;136;., GIONO (AVENUE JEAN);;;;660
200800051250;8;9;3;1348;1;2;3;1;3;482;0, ALOISE (RUE SAINT);;;;670
200800051258;8;9;8;1810;1;2;1;1;6;482;6, MATHIAS GRUNEWALD (RU;;;;670
200800051259;8;9;8;1935;1;2;3;1;3;482;HAGUENAU (PLACE DE);;;;670
200800051263;8;9;9;1640;1;2;7;1;6;482;00, OHMACHT (RUE);;;;670
200800051273;8;9;17;1215;1;2;1;1;6;365;27, HEYDT (QUAI);;;;670
200800051275;8;9;17;1500;1;2;1;1;1;482;0, ERNEST BEVIN (QUAI);;;;670
200800051276;8;9;18;945;1;2;1;1;6;482;2, SCHWEIGHAEUSER (RUE);;;;670
200800051277;8;9;18;1310;1;2;3;1;6;482;0, HANS JEAN ARP (PLACE);;;;670
200800051279;8;9;18;1730;1;2;1;1;1;482;0, PERIGUEUX (RUE DE);;;;670
200800051280;8;9;19;745;1;2;2;1;3;482;205, OBERHAUSBERGEN (ROU;;;;670
200800051281;8;9;19;1435;1;2;1;1;6;482;MESANGE (RUE DE LA);;;;670
200800051293;8;9;27;25;5;2;3;1;6;482;21, NANCY (BOULEVARD DE);;;;670
200800051301;8;9;16;1630;1;2;2;1;3;66;37, KUHLMANN (RUE FREDER;;;;680
200800051307;8;9;30;920;1;2;2;1;3;66;INGERSHEIM (ROUTE D');;;;680
200800051308;8;9;2;1655;1;2;2;1;6;224;55, HARDT (RUE DE LA);;;;680
200800051310;8;9;2;1725;1;2;1;1;6;224;196, COLMAR (AVENUE DE);;;;680
200800051315;8;9;6;955;1;2;1;2;3;224;3 B, SIEGFRIED (RUE JULE;;;;680
200800051317;8;9;7;1607;1;2;1;1;3;224;147, ILLZACH (RUE D');;;;680
200800051318;8;9;8;1740;1;2;1;1;3;224;51, STALINGRAD (RUE DE);;;;680
200800051323;8;9;22;2100;5;2;1;1;6;224;STOESSEL (BOULEVARD CHAR;;;;680
200800051324;8;9;25;745;1;1;1;1;3;224;90, HUBNER (RUE);;;;680
200800051325;8;9;21;1700;1;1;2;1;3;56;42, LIBERATION (RUE DE L;;;;680
200800051329;8;9;5;615;5;2;3;2;3;297;114, DE GAULLE ( AVE DU;;;;680