Num_Acc;an;mois;jour;hrmn;lum;agg;int;atm;col;com;adr;gps;lat;long;dep
200800051358;8;9;9;1340;1;2;1;1;3;259;32, CHEMIN DE FEYZIN;;;;690
200800051360;8;9;8;1440;1;2;9;1;3;259;BOULEVARD DU STADE;;;;690
200800051365;8;9;5;1405;1;2;3;1;3;266;329, RUE FRANCIS DE PRES;;;;690
200800051379;8;9;29;1815;1;2;1;1;3;266;80, RUE ANTONIN PERRIN;;;;690
200800051385;8;9;4;1635;1;2;1;1;4;445;82, GRANDE RUE;;;;710
200800051401;8;9;11;2315;5;2;3;1;3;270;1, FRANCHE (RUE);;;;710
200800051411;8;9;9;809;1;2;1;7;6;181;32, DROUAULT CONSTANT (R;;;;720
200800051416;8;9;11;1810;1;2;3;1;3;181;BEAUFILS (RUE);;;;720
200800051427;8;9;23;1650;1;2;1;1;3;181;RUBILLARD AV N° PAIRS 2;;;;720
200800051438;8;9;29;1715;1;2;2;7;3;11;, OLIVET (CHEMIN DE);;;;730
200800051440;8;9;2;1615;1;2;2;1;3;10;FRANCE (AVENUE)(SECTEUR;;;;740
200800051479;8;9;21;1630;1;2;1;1;6;351;247, ARISTIDE BRIAND;;;;760
200800051484;8;9;6;2345;4;2;1;1;6;552;44, GUSTAVE LENNIER;;;;760
200800051543;8;9;29;1700;1;2;8;1;6;186;4, SAINT HONORE (RUE);;;;770
200800051547;8;9;9;850;1;2;3;1;3;288;, SAINT LIESNE (RUE);;;;770
200800051549;8;9;28;1200;1;2;2;7;3;288;16, DELAUNOY (RUE);;;;770
200800051567;8;9;13;1610;1;2;9;1;3;373;1, PRES ST MARTIN (RUE D;;;;770
200800051577;8;9;16;1610;1;2;1;1;3;168;ARPENTS (BOULEVARD DES);;;;780
200800051595;8;9;22;815;1;2;1;1;6;124;95, PAUL DOUMER (RUE);;;;780
200800051597;8;9;16;2030;5;2;1;1;6;358;38, SAINT GERMAIN (AVENU;;;;780
200800051599;8;9;21;1730;1;2;6;1;3;358;ignoré, VERDUN (AVENUE D;;;;780
200800051603;8;9;8;1605;1;2;1;1;3;362;00, AV DU VEXIN;;;;780
200800051621;8;9;12;2010;5;2;1;1;3;490;SAINT GERMAIN (AVENUE DE;;;;780
200800051624;8;9;18;1555;1;2;3;1;3;674;BEAUCE (AVENUE DE);;;;780
200800051628;8;9;25;1300;1;2;1;1;7;165;NERUDA (RUE PABLO);;;;780
200800051632;8;9;21;1150;1;2;1;1;3;123;EUROPE (RN 190) AVENUE D;;;;780
200800051634;8;9;14;1225;1;1;3;1;6;498;RD30;;;;780
200800051660;8;9;12;1725;1;2;2;1;6;646;NEANT, ETATS GENERAUX (R;;;;780
200800051669;8;9;20;1740;1;2;3;1;3;650;MONTESSON (ROUTE DE);;;;780
200800051675;8;9;17;1535;1;1;2;1;2;191;NANTES (AVENUE);;;;790
200800051679;8;9;1;730;1;2;2;1;6;21;0, PARIS (RUE DE);;;;800
200800051695;8;9;8;1815;1;2;1;1;6;21;00, NOYON (RUE DE);;;;800
200800051722;8;9;27;2315;5;2;2;1;6;105;LIBERTE (BOULEVARD DE LA;;;;810
200800051724;8;9;12;1610;1;2;2;1;3;163;, HOULES;;;;810
200800051747;8;9;28;1030;1;1;1;1;3;61;0, RN7;;;;830
200800051757;8;9;17;920;1;2;1;1;2;129;257, LAENNEC (AVENUE DE);;;;830
200800051767;8;9;23;1801;1;1;1;8;1;126;, VAROISE (CORNICHE);;;;830
200800051781;8;9;12;1510;1;2;1;1;1;137;955, GUYNEMER (RUE G.);;;;830
200800051784;8;9;10;1935;1;2;1;1;3;137;MIRASOULEOU (AVE / ROND;;;;830
200800051795;8;9;29;1120;1;2;1;1;3;137;250, FORT ROUGE (CHEMIN;;;;830
200800051809;8;9;5;750;1;2;1;1;3;7;CARNOT (Rue);;;;840
200800051811;8;9;17;1700;1;2;1;1;2;7;17, SAINT RUF (Avenue);;;;840
200800051824;8;9;2;1750;1;2;3;3;5;191;81, BELGES BOULEVARD DES;;;;850
200800051853;8;9;25;1730;1;2;2;1;3;194;JOHN KENNEDY (AVENUE);;;;860
200800051881;8;9;20;1110;1;1;1;1;7;114;LECLERC (MARECHAL);;;;870
200800051895;8;9;27;1300;1;2;1;1;7;85;2, JUIN (RUE DU MARECHAL;;;;870
200800051897;8;9;14;1800;1;1;2;1;3;209;00, EPINAL (RUE D');M;4819765.0;643899.0;880
200800051914;8;9;11;1545;1;2;3;1;6;10;8, MECHELLE (RUE DE LA);;;;900
200800051915;8;9;15;745;1;2;1;1;7;10;5, JOFFRE (BOULEVARD MAR;;;;900
200800051923;8;9;27;1740;1;2;1;1;3;10;76, JAURES (AVENUE JEAN);;;;900
200800051927;8;9;22;1140;1;1;1;1;3;103;CD 19;;;;910
200800051946;8;9;9;1516;1;2;1;1;2;54;64, PERPREUIL (RUE DU FA;;;;210
200800051953;8;9;2;1235;1;2;1;1;6;231;9, CHATEAU (DU) (RUE);;;;210
200800051965;8;9;11;1325;1;2;2;1;6;231;WILSON (PLACE);;;;210
200800051998;8;9;2;1535;1;2;1;1;2;278;89, ROSTAND (EDMOND);;;;220
200800052002;8;9;5;600;2;2;1;1;2;278;0, DOUVENANT (DE);;;;220
200800052025;8;9;28;2000;2;2;1;1;2;278;0, GAUGUIN;;;;220
200800052039;8;9;2;1740;1;2;1;1;3;56;17, DOLE RUE DE <82;;;;250
200800052045;8;9;12;1311;1;2;6;2;2;56;01, ALLENDE  BOULEVARD S;;;;250
200800052049;8;9;17;800;1;2;1;1;3;56;sans, MONTARMOTS CHEMIN;;;;250
200800052053;8;9;21;1757;1;2;1;1;2;56;sans, VIEILLEY  CHEMIN D;;;;250
200800052061;8;9;9;1822;1;2;1;1;3;462;FACE 20, MONNET JEAN;;;;250
200800052062;8;9;21;1;5;2;1;1;6;198;MARSEILLE (ROUTE DE );;;;260
200800052066;8;9;18;1425;1;2;1;1;3;281;NEANT, COLETTE SIDONIE G;;;;260
200800052083;8;9;26;1925;1;2;6;1;3;362;SANS N, RHIN ET DANUBE R;;;;260
200800052084;8;9;29;1350;1;2;1;1;3;362;sans n, MISTRAL PONT;;;;260
200800052099;8;9;20;1325;1;2;3;1;6;588;NATIONALE 15 (ROUTE);;;;270
200800052115;8;9;16;1930;1;2;1;1;3;85;COURTILLE (BOULEVARD DE;;;;280
200800052116;8;9;18;1500;1;2;1;1;6;85;SANS, GRAND FAUBOURG (RU;;;;280
200800052120;8;9;21;1045;1;2;3;1;3;85;SANS, LAUNAY (RUE DE);;;;280
200800052125;8;9;29;810;1;2;3;5;3;85;SANS, GRAND FAUBOURG (RU;;;;280
200800052130;8;9;9;725;2;2;2;1;6;134;KENNEDY (AVENUE DU PRESI;;;;280
200800052140;8;9;10;650;3;2;2;1;3;19;., CLEMENCEAU GEORGES (D;;;;290
200800052156;8;9;29;1350;1;2;9;1;3;19;., COAT TAN (ROND POINT;;;;290
200800052175;8;9;30;735;1;2;1;1;3;7;., BLANC (BD LOUIS);;;;300
200800052185;8;9;8;1730;1;2;1;1;6;189;1823, DAYAN GEORGES (AVE;M;4381429.0;432877.0;300
200800052217;8;9;27;1800;1;2;2;1;3;189;0000, TOUR DE L'EVEQUE (;;;;300
200800052224;8;9;16;1950;2;2;3;1;3;351;, RAVOUX AVENUE PAUL;;;;300
200800052227;8;9;9;1735;1;2;1;1;3;69;4, ZOLA (IMP EMILE);;;;310
200800052234;8;9;12;1900;1;2;3;1;3;149;999, PIQUEMIL (CHEMIN DE;;;;310
200800052235;8;9;15;1800;1;2;1;1;1;149;5, OUEST (BOULEVARD DE L;;;;310
200800052237;8;9;5;1340;1;2;3;1;3;557;FRERES HIGOUNENG (ALL DE;;;;310
200800052238;8;9;15;2010;5;2;6;1;3;557;0, AURIOL (BD VINCENT);;;;310
200800052239;8;9;19;1350;1;2;2;1;3;557;PAHIN (CH DE);;;;310
200800052256;8;9;5;745;2;2;3;2;3;63;QUAI DES CHARTRONS;;;;330
200800052271;8;9;10;1940;1;2;1;1;3;63;21, ALL HAUSMANN;;;;330
200800052275;8;9;10;1830;1;2;3;1;3;318;AVE DE LA PAILLERE;;;;330
200800052293;8;9;17;1405;1;2;2;1;2;63;RUE DE CURSOL;;;;330
200800052294;8;9;14;1845;1;2;3;1;3;249;03, QUAI NUMA SENSINE;;;;330
200800052308;8;9;18;835;1;2;3;2;1;75;AVE DES 4 PONTS;;;;330
200800052309;8;9;19;1800;1;2;1;1;7;281;PCE CHARLES DE GAULLE;;;;330
200800052312;8;9;22;1800;1;2;1;1;3;167;146, CHEM DES PLATEAUX;;;;330
200800052313;8;9;14;850;1;2;1;1;1;192;RTE DE CANEJAN;;;;330
200800052328;8;9;5;827;1;2;1;1;3;555;RUE ROGER CAMBOULIVES;;;;310
200800052348;8;9;11;1215;1;2;1;1;3;555;999, RUE DU BEARNAIS;;;;310
200800052352;8;9;13;1000;1;2;3;1;3;555;999, RUE DE METZ;;;;310
200800052377;8;9;20;2130;5;2;1;1;3;555;999, RUE DE LA SARTHE;;;;310
200800052386;8;9;23;1955;2;2;1;1;6;555;30, RUE DU FAUBOURG BONN;;;;310
200800052392;8;9;24;2110;5;2;1;1;5;555;999, BD DE LA MARQUETTE;;;;310
200800052393;8;9;24;2310;5;2;1;1;1;555;AV JEAN CHAUBET;;;;310
200800052407;8;9;25;800;1;2;1;1;3;53;SANS N°, VERNE (AVENUE J;;;;10
200800052409;8;9;20;2110;5;2;2;1;3;408;102, BLUM (RUE LEON);;;;20
200800052440;8;9;12;1100;1;2;6;1;3;61;FAUVINS ( ROUTE  DES );;;;50
200800052472;8;9;29;1850;1;1;1;1;6;555;20, RUE SAINT JACQUES;;;;310
200800052476;8;9;29;955;1;2;2;1;3;555;999, RUE EDMOND ROSTAND;;;;310
200800052515;8;9;30;654;2;2;1;1;2;30;00, CIGALES (CHEMIN DES);;;;60
200800052610;8;9;17;1230;1;2;1;1;3;88;28, GREGOIRE (RUE ABBE-I;;;;60
200800052614;8;9;18;700;2;2;2;1;3;88;0, EL-NOUZAH (RUE);;;;60
200800052661;8;9;29;1420;1;2;1;1;3;88;0, SAINT-JEAN D'ANGELY (;;;;60
200800052681;8;9;15;1245;1;2;6;1;6;343;000, CHATEAU DES COURS (;;;;100
200800052720;8;9;9;730;1;2;1;1;2;55;09, HENRI MARTINET (ROND;;;;130
200800052780;8;9;4;1815;1;2;1;1;7;2;72, SALVATORE ALLENDE (B;;;;130
200800052796;8;9;5;1930;1;2;1;1;2;55;1, AUGUSTE CHABAUD (RUE);;;;130
200800052869;8;9;17;1846;1;2;9;1;6;55;189, COLGATE (TRAVERSE);;;;130
200800052908;8;9;24;930;1;2;1;1;7;55;73, MARÉCHAL DE LATTRE (;;;;130
200800052931;8;9;28;1015;1;1;1;1;2;2;13, ETIENNE CUCCA-CD908;;;;130
200800052936;8;9;25;1130;1;2;1;1;2;55;2, RABATAU (BOULEVARD);;;;130
200800052967;8;9;16;1720;1;2;1;1;2;103;BOULEVARD DE GLANUM;;;;130
200800052971;8;9;21;1843;1;2;2;1;3;108;MARGUARIDO (AVENUE);;;;130
200800052973;8;9;28;1145;1;2;1;1;3;108;185, RD 570 ROUTE D'AVIG;;;;130
200800052985;8;9;18;1325;1;2;1;8;3;117;xxx, PTT SUD AVENUE JEAN;;;;130
200800053019;8;9;13;1855;1;2;2;1;3;15;0, SAINT EXUPERY (RUE AN;;;;160
200800053026;8;9;16;1615;1;2;2;1;3;299;172990068, BUISSON BOULE;;;;170
200800053028;8;9;24;1030;1;2;3;1;3;299;172990125, DENFERT ROCHE;;;;170
200800053041;8;9;9;1145;1;2;1;3;2;300;GEORGETTE   QUAI DE LA;;;;170
200800053048;8;9;17;1946;1;2;9;1;1;200;57, CHAUMES   RUE DES;;;;170
200800053057;8;9;13;1701;1;2;1;1;2;306;0, GARNIER (BD FREDERIC);;;;170
200800053064;8;9;21;914;2;2;1;1;6;380;0, REPUBLIQUE (AVENUE DE;;;;170
200800053068;8;9;6;1645;1;2;1;1;3;415;42, REVERSEAUX 2 A 46 ET;;;;170
200800053081;8;9;8;1825;1;1;4;1;3;33;HAEGELEN (AVENUE MARCEL);;;;180
200800053089;8;9;22;1530;1;2;5;1;3;33;42 bis, AUGER (BOULEVARD;;;;180
200800053118;8;9;17;1845;1;2;2;1;3;550;AVE DES PYRENEES;;;;330
200800053126;8;9;26;745;1;2;1;1;3;63;101, AVE D'EYSINES CAUD;;;;330
200800053130;8;9;22;820;1;2;2;1;3;281;RUE CAMILLE GOILLOT;;;;330
200800053134;8;9;23;750;1;2;6;1;3;69;RUE AUSONE;;;;330
200800053136;8;9;25;1550;1;2;6;1;3;318;AVE MARC DESBATS;;;;330
200800053138;8;9;25;815;1;2;1;1;2;318;AVE DE SAIGE;;;;330
200800053139;8;9;30;820;1;2;2;1;3;39;BD ALBERT 1ER;;;;330
200800053141;8;9;23;840;1;2;2;1;3;522;RUE DE LA VIEILLE TOUR;;;;330
200800053161;8;9;12;850;1;2;3;1;3;3;DENFERT ROCHEREAU (E15 A;;;;340
200800053196;8;9;13;1630;1;2;2;1;3;113;127, BOULEVARD AUGUSTE B;;;;750
200800053204;8;9;14;1605;1;2;1;1;7;105;3, RUE MONGE;;;;750
200800053205;8;9;14;240;5;2;2;1;6;105;BOULEVARD SAINT MICHEL;;;;750
200800053213;8;9;14;1759;1;2;1;1;6;116;AVENUE ALBERT 1ER DE MON;;;;750
200800053218;8;9;14;2235;5;2;4;1;3;112;7, BOULEVARD DE REUILLY;;;;750
200800053224;8;9;15;1030;1;2;2;1;2;105;RUE MONGE;;;;750
200800053225;8;9;15;945;1;2;1;1;3;106;0, CARREFOUR DE BUCI;;;;750
200800053228;8;9;15;2035;5;2;1;1;7;109;BOULEVARD POISSONNIERE;;;;750
200800053230;8;9;15;1320;1;2;5;1;6;109;BOULEVARD HAUSSMANN;;;;750
200800053242;8;9;15;1600;1;2;1;1;3;116;66, AVENUE VICTOR HUGO;;;;750
200800053253;8;9;15;1520;1;2;2;1;3;112;0, AVENUE DU POLYGONE;;;;750
200800053261;8;9;22;1915;2;2;1;1;5;110;32, BOULEVARD DE STRASBO;;;;750
200800053266;8;9;23;820;1;2;4;1;3;111;18, BOULEVARD RICHARD LE;;;;750
200800053285;8;9;24;1420;1;2;3;1;3;111;55, BOULEVARD VOLTAIRE;;;;750
200800053291;8;9;24;1815;1;2;1;1;6;114;21, AVENUE DE LA PORTE D;;;;750
200800053294;8;9;24;210;5;2;7;2;3;119;01, PLACE AUGUSTE BARON;;;;750
200800053310;8;9;25;1710;1;2;1;1;3;111;RUE DU CHEMIN VERT;;;;750
200800053322;8;9;25;1313;1;2;1;1;3;120;150, BOULEVARD DE MENILM;;;;750
200800053326;8;9;26;1950;5;2;2;1;3;104;RUE DU RENARD;;;;750
200800053329;8;9;22;1300;1;2;1;1;6;116;2, ROUTE DE SEVRES A NEU;;;;750
200800053332;8;9;22;1945;2;2;2;1;3;119;AVENUE DE LA PORTE CHAUM;;;;750
200800053337;8;9;23;955;1;2;2;1;3;102;09, RUE DES PETITS CHAMP;;;;750
200800053341;8;9;23;1525;1;2;5;1;3;109;PLACE D ANVERS;;;;750
200800053343;8;9;26;1855;1;2;2;1;3;105;PONT PETIT PONT;;;;750
200800053351;8;9;26;815;1;2;1;1;3;111;99, AVENUE LEDRU ROLLIN;;;;750
200800053353;8;9;26;1208;1;2;1;1;2;111;86, AVENUE PARMENTIER;;;;750
200800053360;8;9;26;135;5;2;1;1;2;114;57, BOULEVARD JOURDAN;;;;750
200800053364;8;9;26;2140;5;2;2;1;3;115;1, RUE BRANCION;;;;750
200800053384;8;9;27;1115;1;2;1;1;6;113;39, RUE PASCAL;;;;750
200800053407;8;9;28;147;5;2;3;1;3;119;AVENUE SIMON BOLIVAR;;;;750
200800053421;8;9;26;1330;1;2;2;1;3;105;RUE MONGE;;;;750
200800053445;8;9;30;1110;1;2;1;2;6;110;03, BOULEVARD DE MAGENTA;;;;750
200800053745;8;9;5;945;1;2;2;2;3;109;66, RUE SAINT LAZARE;;;;750
200800053779;8;9;16;1445;1;2;3;1;5;104;6, RUE DE RIVOLI;;;;750
200800053787;8;9;16;1100;1;2;1;1;3;112;87, RUE DE REUILLY;;;;750
200800053788;8;9;16;1515;1;2;1;1;2;112;17, AVENUE DAUMESNIL;;;;750
200800053802;8;9;16;1200;1;2;1;1;3;111;120, BOULEVARD VOLTAIRE;;;;750
200800053813;8;9;6;1710;1;2;5;1;2;105;84, BOULEVARD SAINT GERM;;;;750
200800053852;8;9;17;850;1;2;2;1;2;111;68, AVENUE DE LA REPUBLI;;;;750
200800053854;8;9;17;1120;1;2;6;1;3;104;PLACE DE LA BASTILLE;;;;750
200800053880;8;9;8;1120;1;2;4;1;6;115;6, RUE DU COMMANDANT REN;;;;750
200800053892;8;9;8;1725;1;2;3;1;3;120;RUE DES COURONNES;;;;750
200800053894;8;9;8;910;1;2;2;1;6;112;CARREFOUR DE PYRAMIDE;;;;750
200800053901;8;9;9;1150;1;2;3;1;3;106;/, RUE DE L ECOLE DE MED;;;;750
200800053905;8;9;9;1745;1;2;3;1;3;110;RUE DU CHATEAU D EAU;;;;750
200800053911;8;9;9;1755;1;2;1;1;3;120;174, RUE DE BAGNOLET;;;;750
200800053915;8;9;9;1807;1;2;1;1;3;120;39 bis, AVENUE GAMBETTA;;;;750
200800053943;8;9;10;900;1;2;2;1;2;110;11, RUE DE ROCROY;;;;750
200800053968;8;9;11;1600;1;2;3;1;3;105;25, BOULEVARD SAINT MICH;;;;750
200800053980;8;9;11;1930;1;2;2;2;3;112;67, BOULEVARD PONIATOWSK;;;;750
200800053984;8;9;11;1905;2;2;1;1;2;113;140, BOULEVARD DE L HOPI;;;;750
200800053990;8;9;11;2355;5;2;2;2;6;116;PLACE DU DOCTEUR HAYEM;;;;750
200800053993;8;9;11;1731;1;2;1;1;3;117;147, RUE CARDINET;;;;750
200800053997;8;9;11;939;1;2;2;1;6;119;AVENUE JEAN JAURES;;;;750
200800054008;8;9;19;430;5;2;1;1;7;105;RUE DES CARMES;;;;750
200800054011;8;9;19;1500;1;2;2;1;6;107;1, PLACE JOFFRE;;;;750
200800054016;8;9;19;920;1;2;1;1;6;110;12, RUE PHILIPPE DE GIRA;;;;750
200800054017;8;9;19;1245;1;2;1;1;6;110;15, BOULEVARD DE MAGENTA;;;;750
200800054043;8;9;20;1355;1;2;1;1;7;101;RUE RAMBUTEAU;;;;750
200800054083;8;9;21;1015;1;2;1;1;1;116;CHEMIN DE CEINTURE DU LA;;;;750
200800054106;8;9;12;855;1;2;2;1;3;111;1, BOULEVARD JULES FERRY;;;;750
200800054110;8;9;12;920;1;2;2;1;3;113;QUAI FRANCOIS MAURIAC;;;;750
200800054111;8;9;12;1410;1;2;1;1;4;114;69, BOULEVARD SAINT JACQ;;;;750
200800054116;8;9;12;1840;1;2;1;1;3;117;190, AVENUE DE CLICHY;;;;750
200800054130;8;9;19;1235;1;2;1;1;3;48;332, BOISSIERE (BOULEVAR;;;;930
200800054133;8;9;26;1815;1;2;2;1;3;48;25, MICHELET (RUE);;;;930
200800054151;8;9;21;1645;1;2;1;1;6;51;DEUX PONTS (QUAI);;;;930
200800054154;8;9;30;1830;1;2;3;2;3;51;CHAPELLE;;;;930
200800054207;8;9;19;755;2;2;1;1;2;70;125, VICTOR-HUGO (BD);;;;930
200800054208;8;9;20;1230;1;2;1;1;1;70;36, CAPITAINE-GLARNER (A;;;;930
200800054291;8;9;12;1845;1;2;1;1;3;28;53, CASALIS.(AVE DU DR P;;;;940
200800054297;8;9;19;1540;2;2;1;1;3;28;00, MECHES.(RUE DES);;;;940
200800054329;8;9;28;2000;5;2;1;1;2;37;AVENUE (TROISIEME);;;;940
200800054352;8;9;16;1650;1;2;2;1;3;46;., CAPITAINE ROLAND DEPL;;;;940
200800054410;8;9;23;1300;1;2;1;1;6;81;49, PAUL ARMANGOT (R);;;;940
200800054422;8;9;17;945;1;2;3;1;6;18;GUILLOT (BOULEVARD MARCE;;;;950
200800054426;8;9;22;1330;1;2;1;1;6;176;20, LECLERC (AVENUE DU G;;;;950
200800054428;8;9;23;805;1;2;2;1;6;18;ARGENTEUIL (PONT D' );;;;950
200800054451;8;9;10;1940;1;2;1;1;6;252;TOUSSAINT LUCAS (BOULEVA;;;;950
200800054458;8;9;11;1900;1;2;1;1;6;280;ROUGES GORDES (RUE DES);;;;950
200800054469;8;9;3;1805;1;2;2;1;3;585;FOUR DEFAIT (RUE DU);;;;950
200800054518;8;9;2;1725;1;2;2;1;3;386;0, RUE SAINTE GENEVIEVE;;;;690
200800054520;8;9;4;810;1;2;3;2;3;383;0, AVENUE GEORGES POMPID;;;;690
200800054554;8;9;22;1955;2;2;1;1;3;387;22, AVENUE LECLERC;;;;690
200800054569;8;9;22;755;1;2;9;1;3;388;58, AVENUE GENERAL FRERE;;;;690
200800054571;8;9;27;1710;1;2;2;1;3;388;00, RUE SAINT ROMAIN;;;;690
200800054584;8;9;1;935;1;2;4;2;6;106;BOULEVARD RASPAIL;;;;750
200800054588;8;9;1;2045;5;2;3;1;3;107;46, RUE DU BAC;;;;750
200800054592;8;9;1;2025;2;2;1;1;6;109;25, RUE BLANCHE;;;;750
200800054601;8;9;1;1835;1;2;1;1;7;116;ROUTE DE SEVRES A NEUILL;;;;750
200800054623;8;9;2;1610;1;2;1;1;7;116;ROUTE DE SEVRES A NEUILL;;;;750
200800054626;8;9;2;1435;1;2;1;1;3;117;44, RUE DES BATIGNOLLES;;;;750
200800054643;8;9;3;1550;1;2;1;8;3;109;44, RUE LA FAYETTE;;;;750
200800054682;8;9;4;330;5;2;1;1;1;111;88, RUE DU FAUBOURG DU T;;;;750
200800054691;8;1;15;1000;1;1;1;7;2;84;;M;4456000.0;623700.0;50
200800054713;8;7;1;1755;1;2;2;1;3;295;DE MERVILLE;;;;590
200800054715;8;3;29;1320;1;2;1;1;3;516;20, CIRCONSCRIPTION;;;;620
200800054720;8;9;20;1800;1;2;4;1;1;112;02, SUDEL (RUE DU);;;;680
200800054728;8;8;6;1235;1;2;1;1;3;638;GENERAL DE GAULLE (RUE D;;;;780
200800054734;8;9;1;1840;1;2;2;1;3;440;PERRONS (RUE DES);;;;780
200800054749;8;9;21;1500;1;2;1;1;3;7;230, RAVERA (AVENUE HENR;;;;920
200800054754;8;7;18;1750;1;2;1;1;2;23;46, FORT (RUE DU);;;;920
200800054773;8;9;1;910;1;2;3;1;3;35;9, Léon Maurice Nordmann;;;;920
200800054799;8;7;18;945;1;2;2;1;2;51;BINEAU (BOULEVARD, N°133;;;;920
200800054809;8;6;26;1710;1;2;1;1;7;59;01, MAURICE BERTEAUX (AV;;;;940
200800054929;8;10;19;1130;1;2;1;1;1;411;12 RUE DE LA GARE;M;0.0;0.0;590
200800054935;8;10;14;2000;3;1;1;1;1;587;;M;5080200.0;256800.0;590
200800054949;8;10;3;530;3;1;1;2;5;817;;M;5027900.0;283500.0;620
200800054963;8;10;10;1800;1;2;1;7;1;746;rue du dessous;M;5066900.0;159800.0;620
200800054971;8;10;10;1530;1;2;1;1;6;261;avenue M. Van der Mersch;M;5050100.0;162700.0;620
200800054975;8;10;6;1330;1;2;1;1;1;651;RUE LIBERATION;M;0.0;0.0;800
200800055011;8;10;18;1805;2;1;1;1;1;430;;M;0.0;0.0;20
200800055152;8;10;25;945;1;2;1;1;3;51;Le bourg;M;4838700.0;-233000.0;220
200800055166;8;10;10;1045;1;2;1;7;1;46;CD 765- route de quimper;M;4809000.0;-433000.0;290
200800055170;8;10;22;1545;1;2;1;1;1;235;BLD LEOPOLE MAISSIN;M;4840100.0;-442400.0;290
200800055185;8;10;17;1630;1;1;1;1;6;232;;M;4767700.0;-211700.0;560
200800055195;8;10;19;1530;1;2;1;1;3;185;Rue Amiral Ronarc'h;M;4779700.0;-341700.0;560
200800055202;8;10;29;1115;1;1;1;1;6;41;;M;0.0;0.0;560
200800055276;8;10;28;1045;1;2;1;1;1;210;Rue des Aigrettes;M;0.0;0.0;440
200800055299;8;10;21;1530;1;1;1;1;2;186;;M;4793600.0;-83600.0;530
200800055320;8;10;19;915;1;1;1;1;3;21;;M;0.0;0.0;850
200800055328;8;10;23;830;2;2;1;1;3;178;Rue de la colonne;M;0.0;0.0;850
200800055332;8;10;9;1815;1;1;1;1;1;42;;M;4637800.0;-100200.0;850
200800055369;8;10;6;745;2;2;1;1;1;108;Av GAMBETTA/CD936;M;0.0;0.0;330
200800055373;8;10;18;1430;1;2;1;1;6;509;lieu dit le Bourg;M;0.0;0.0;330
200800055401;8;10;11;1500;1;2;1;1;1;245;route du Graba;M;0.0;0.0;400
200800055410;8;10;8;1000;1;2;1;1;1;119;Chemin de balette;M;4366300.0;-58800.0;400
200800055437;8;10;15;1200;1;2;1;1;1;527;bourg;M;4334400.0;-147100.0;640
200800055448;8;10;26;1945;3;1;1;1;2;174;;M;0.0;0.0;860
200800055463;8;10;4;945;1;1;1;1;3;244;;M;0.0;0.0;160
200800055485;8;10;5;1000;1;2;1;1;5;294;44 GRANDE RUE;M;4620800.0;-34500.0;790
200800055495;8;10;5;1000;1;2;1;1;3;322;D949 BIS, bois vert;M;0.0;0.0;790
200800055543;8;10;17;1700;1;2;1;1;3;117;chemin rebel;M;0.0;0.0;310
200800055548;8;10;29;1500;1;2;1;1;2;406;Avenue de MARTRES;M;4320500.0;106200.0;310
200800055595;8;10;10;1900;2;2;6;1;6;102;2 Avenue d'Aurillac;M;4461300.0;203800.0;460
200800055604;8;10;4;1515;1;1;1;1;6;36;;M;0.0;0.0;650
200800055620;8;10;19;1500;1;1;1;1;3;262;;M;4408400.0;199300.0;810
200800055637;8;10;30;1900;1;2;1;2;1;286;10 AVENUE DE L EUROPE;M;0.0;0.0;690
200800055669;8;10;24;1630;1;2;1;1;1;320;route du creux;M;0.0;0.0;10
200800055705;8;10;25;1145;1;1;1;1;1;33;;M;0.0;0.0;70
200800055730;8;10;6;1830;1;1;1;1;4;72;;M;0.0;0.0;260
200800055745;8;10;12;1730;1;2;1;1;1;457;lieu dit SOISON;M;4532900.0;526800.0;380
200800055746;8;10;25;1430;1;1;1;1;1;505;;M;4530100.0;514000.0;380
200800055751;8;10;15;930;1;2;1;1;3;380;51 chemin du bouchet;M;4547000.0;535200.0;380