Num_Acc;an;mois;jour;hrmn;lum;agg;int;atm;col;com;adr;gps;lat;long;dep
200800059929;8;10;9;550;5;2;1;1;6;85;1, DALESME (RUE);;;;870
200800059977;8;10;23;1215;1;2;6;1;5;160;00, VOIVRE (RUE DE LA);M;4820364.0;645824.0;880
200800059990;8;10;7;1021;1;2;1;1;7;10;1, MARCHAL (RUE);;;;900
200800059991;8;10;8;1145;1;2;3;1;3;10;3, FRANCE BOULEVARD ANAT;;;;900
200800059993;8;10;9;810;1;2;1;2;2;10;7, VALLET (QUAI);;;;900
200800059995;8;10;11;1625;1;2;1;1;7;10;5, FONTAINE (RUE JEAN DE;;;;900
200800060041;8;10;3;1600;1;2;2;1;3;657;GABRIEL PERI (RUE);;;;910
200800060062;8;10;20;745;5;2;3;1;3;687;, GABRIEL PERI (AVENUE);;;;910
200800060070;8;10;12;1930;1;2;1;1;3;691;73, RENE COTY(RUE);;;;910
200800060072;8;10;15;1335;1;2;1;1;6;691;00, MARC SANGNIERI(RUE);;;;910
200800060080;8;10;4;1450;1;2;1;1;3;645;GATINES (ROUTE DES);;;;910
200800060093;8;10;30;2000;3;1;6;1;3;471;0, PETIT SACLAY (CHEMIN;;;;910
200800060095;8;10;2;1115;1;2;7;1;1;570;0, 8 MAI 45 (PLACE);;;;910
200800060113;8;10;25;1000;1;2;1;1;6;14;95, GENERAL LECLERC (AV.;;;;920
200800060117;8;10;13;1023;1;2;1;1;3;9;NR, FAIDHERBE ( RUE );;;;920
200800060118;8;10;13;1915;5;2;1;1;6;9;19, CHARLES-DE-GAULLE (;;;;920
200800060121;8;10;16;1815;1;2;2;1;3;4;NR, PIERRE BROSSOLETTE;;;;920
200800060146;8;10;16;1945;5;2;9;1;3;32;29, CROLAND RAYMOND (RUE;;;;920
200800060210;8;10;26;2200;5;2;2;1;3;35;80, République ( bouleva;;;;920
200800060216;8;10;3;810;1;2;1;1;3;36;12, LOUIS CALMEL (RUE) (;;;;920
200800060229;8;10;15;1620;1;2;1;2;2;40;51, HOCHE;;;;920
200800060242;8;10;28;1115;1;2;7;1;2;44;HUIT MAI 1945 (PLACE DU);;;;920
200800060261;8;10;17;925;1;2;2;1;5;20;BROSSOLETTE RUE PIERRE N;;;;920
200800060279;8;10;11;1510;1;2;1;1;3;50;QUENTIN JULES AVENUE;;;;920
200800060283;8;10;20;840;1;2;1;1;3;50;HAVRE BOULEVARD DU;;;;920
200800060286;8;10;24;830;1;2;1;1;1;50;07, PAIX RUE DE LA;;;;920
200800060302;8;10;23;705;5;2;2;1;3;63;NEANT, DIX-HUIT JUIN 194;;;;920
200800060321;8;10;4;1820;1;2;1;1;7;77;., Route de l'Impératric;;;;920
200800060368;8;10;23;1550;1;2;1;1;2;1;39, REPUBLIQUE (AVE DE L;;;;930
200800060378;8;10;16;1630;1;2;1;8;3;5;63/65, JACQUES DUCLOS [C;;;;930
200800060397;8;10;21;730;5;2;6;2;6;8;BARBUSSE (AVENUE HENRI);;;;930
200800060399;8;10;23;1630;1;2;2;1;6;8;VAILLANT COUTURIER (AVEN;;;;930
200800060402;8;10;31;1305;1;2;1;2;2;8;BARBUSSE (AVENUE HENRI);;;;930
200800060424;8;10;5;2100;5;2;2;1;3;29;91, MARCEAU (AVENUE) N°;;;;930
200800060434;8;10;8;1800;1;2;1;1;3;79;147, SAINT LEU (ROUTE);;;;930
200800060474;8;10;2;1900;2;2;1;2;2;48;34, COTE DU NORD (RUE DE;;;;930
200800060478;8;10;7;1250;1;2;1;1;6;48;1, FAIDHERBE (AVENUE);;;;930
200800060481;8;10;14;1450;1;2;9;1;3;48;CLOS FRANCAIS (RUE DES);;;;930
200800060500;8;10;27;710;2;2;2;3;1;51;VERDUN;;;;930
200800060532;8;10;21;1805;1;2;2;1;3;64;00, DEUX COMMUNES (RUE D;;;;930
200800060589;8;10;31;907;1;2;1;2;6;73;21, PASTEUR (AVENUE);;;;930
200800060597;8;10;17;1120;1;2;2;1;3;4;BREVANNES (R DE);;;;940
200800060630;8;10;23;1210;1;1;1;1;3;69;SAINT MAURICE DU VALAIS;;;;940
200800060633;8;10;31;1330;1;2;1;1;3;18;46, GRAVELLE (AV DE);;;;940
200800060636;8;10;11;1125;1;2;2;1;3;19;00, BORDES (R DES);;;;940
200800060643;8;10;23;1720;1;2;1;1;3;79;4, EUROPE (AV DE L);;;;940
200800060646;8;10;29;305;4;2;3;1;3;19;BORDES (R DES);;;;940
200800060699;8;10;20;1800;1;2;1;1;3;76;66, MARCEL GROSMESNIL (R;;;;940
200800060702;8;10;23;1120;1;2;1;1;3;76;49, PARIS (AV DE);;;;940
200800060712;8;10;11;1820;1;2;1;1;2;73;10, PAVE DE GRIGNON (R D;;;;940
200800060719;8;10;20;1030;1;2;6;1;6;38;HENRI BARBUSSE (AV);;;;940
200800060730;8;10;4;805;1;2;1;1;3;41;84, PAUL VAILLANT COUTUR;;;;940
200800060741;8;10;27;835;1;2;1;2;7;41;156, STALINGRAD (BD DE);;;;940
200800060750;8;10;17;825;1;2;1;1;6;46;01, LEON BLUM (AV);;;;940
200800060769;8;10;10;1530;1;2;2;1;3;68;DIDEROT (AV);;;;940
200800060777;8;10;21;1755;1;2;1;2;7;68;115, CRETEIL (BD DE);;;;940
200800060790;8;10;14;1215;1;2;3;1;3;78;HUIT MAI 1945 (AV DU);;;;940
200800060860;8;10;9;1845;2;2;1;1;6;491;, BOIS DE BOISSY (BOULEV;;;;950
200800060877;8;10;16;801;5;2;3;2;3;424;PONTOISE (BOULEVARD DE);;;;950
200800060886;8;10;9;1320;1;2;1;1;7;585;VALERY (AVEUE PAUL);;;;950
200800061068;8;10;17;1720;1;1;1;1;2;136;RN 188 PARIS / A 10 PARI;;;;910
200800061128;8;10;6;900;1;2;2;8;3;382;, RUE PRESIDENT EDOUARD;;;;690
200800061132;8;10;19;15;5;2;1;1;6;382;1, RUE COLONEL CHAMBONNE;;;;690
200800061201;8;10;4;1330;1;2;1;1;2;383;29, RUE DOCTEUR REBATEL;;;;690
200800061202;8;10;9;1825;1;2;1;1;6;383;102, COURS ALBERT THOMAS;;;;690
200800061204;8;10;18;1320;1;2;1;1;6;383;30, RUE AMIRAL COURBET;;;;690
200800061249;8;10;9;1730;2;2;1;1;1;385;77, QUAI PIERRE SCIZE;;;;690
200800061262;8;10;1;1345;1;2;1;1;3;387;, RUE CHEVREUL;;;;690
200800061443;8;10;11;2130;5;2;2;1;2;103;25, RUE REAUMUR;;;;750
200800061446;8;10;17;935;1;2;2;1;7;103;5, RUE SAINT CLAUDE;;;;750
200800061449;8;10;20;1745;1;2;1;1;6;103;82, RUE DES ARCHIVES;;;;750
200800061450;8;10;24;1305;1;2;2;1;6;103;01, RUE PAYENNE;;;;750
200800061453;8;10;12;1700;1;2;1;1;6;104;PONT DE SULLY;;;;750
200800061455;8;10;2;825;1;2;3;1;3;104;23, RUE DE RIVOLI;;;;750
200800061465;8;10;15;1840;2;2;6;2;3;104;03, PLACE DE LA BASTILLE;;;;750
200800061471;8;10;23;1505;1;2;3;1;1;104;34, RUE VIEILLE DU TEMPL;;;;750
200800061483;8;10;20;1600;1;2;5;1;3;105;BOULEVARD SAINT MICHEL;;;;750
200800061496;8;10;6;1300;1;2;3;1;3;106;12, RUE NOTRE DAME DES C;;;;750
200800061502;8;10;17;1040;1;2;3;1;6;106;72, BOULEVARD SAINT MICH;;;;750
200800061504;8;10;24;1425;1;2;2;1;5;106;7, RUE SERPENTE;;;;750
200800061530;8;10;23;1655;1;2;1;1;6;107;25 bis, RUE DE CONSTANTI;;;;750
200800061544;8;10;4;1635;1;2;5;1;3;108;17, BOULEVARD MALESHERBE;;;;750
200800061566;8;10;18;1300;1;2;2;1;3;108;PLACE SAINT AUGUSTIN;;;;750
200800061590;8;10;6;930;1;2;1;1;6;109;37, RUE SAINT GEORGES;;;;750
200800061611;8;10;3;1930;5;2;1;2;7;110;BOULEVARD DE MAGENTA;;;;750
200800061625;8;10;13;1415;1;2;1;1;6;110;3, PASSAGE DES RECOLLETS;;;;750
200800061637;8;10;25;2230;5;2;2;1;3;110;BOULEVARD DE LA VILLETTE;;;;750
200800061638;8;10;28;2315;5;2;4;1;6;110;153, BOULEVARD DE MAGENT;;;;750
200800061639;8;10;29;950;1;2;1;1;3;110;1, RUE D HAUTEVILLE;;;;750
200800061649;8;10;10;1710;1;2;5;1;2;111;10, PLACE DE LA REPUBLIQ;;;;750
200800061653;8;10;13;1510;1;2;3;1;3;111;13, PLACE DE LA NATION;;;;750
200800061658;8;10;17;2110;3;2;1;1;6;111;96, RUE SAINT MAUR;;;;750
200800061659;8;10;18;1540;1;2;2;1;3;111;42 bis, BOULEVARD RICHAR;;;;750
200800061708;8;10;14;1630;1;2;1;1;5;112;001, ROUTE DAUPHINE;;;;750
200800061712;8;10;15;2150;5;2;1;1;6;112;01, RUE DE POMMARD;;;;750
200800061715;8;10;16;1955;3;2;1;1;7;112;ROUTE DAUPHINE;;;;750
200800061722;8;10;21;40;5;2;1;1;3;112;RUE DU FAUBOURG SAINT AN;;;;750
200800061729;8;10;24;1615;1;2;1;2;6;112;24, BOULEVARD DE LA BAST;;;;750
200800061753;8;10;7;2120;5;2;4;3;6;113;140, BOULEVARD DE L HOPI;;;;750
200800061758;8;10;14;2015;5;2;2;1;7;113;9, RUE NEUVE TOLBIAC;;;;750
200800061764;8;10;19;1450;1;2;2;1;6;113;78, BOULEVARD VINCENT AU;;;;750
200800061768;8;10;20;1135;1;2;3;1;3;113;1, PLACE VALHUBERT;;;;750
200800061772;8;10;21;910;1;2;1;2;3;113;QUAI D AUSTERLITZ;;;;750
200800061784;8;10;29;1045;1;2;1;8;3;113;183, BOULEVARD VINCENT A;;;;750
200800061796;8;10;7;645;2;2;3;1;3;114;15, BOULEVARD ROMAIN ROL;;;;750
200800061797;8;10;7;1830;5;2;1;2;4;114;133, RUE RAYMOND LOSSERA;;;;750
200800061814;8;10;20;1125;1;2;3;1;3;114;37, RUE DU PERE CORENTIN;;;;750
200800061846;8;10;8;1508;1;2;2;1;3;115;1, RUE DU DOCTEUR ROUX;;;;750
200800061847;8;10;9;845;1;2;1;8;3;115;65, BOULEVARD DE GRENELL;;;;750
200800061855;8;10;17;1845;2;2;2;1;6;115;176, RUE LECOURBE;;;;750
200800061873;8;10;2;725;2;2;1;1;6;116;ALLEE DE LA REINE MARGUE;;;;750
200800061889;8;10;9;1545;1;2;1;1;6;116;AVENUE DE NEW YORK;;;;750
200800061904;8;10;15;2045;5;2;2;2;3;116;BOULEVARD EXELMANS;;;;750
200800061930;8;10;28;1150;1;2;5;1;6;116;PLACE D IENA;;;;750
200800061992;8;10;11;425;5;2;5;1;6;118;93, RUE DE CLIGNANCOURT;;;;750
200800062010;8;10;1;1250;1;2;2;8;6;119;30, AVENUE DE LAUMIERE;;;;750
200800062011;8;10;1;1555;1;2;1;2;3;119;28 bis, AVENUE CORENTIN;;;;750
200800062024;8;10;11;2330;5;2;3;1;6;119;40, RUE D AUBERVILLIERS;;;;750
200800062055;8;10;7;150;5;2;1;2;6;120;116, RUE D AVRON;;;;750
200800062058;8;10;10;815;1;2;1;1;3;120;AVENUE DE LA PORTE DE BA;;;;750
200800062066;8;10;13;1820;1;2;1;1;5;120;72, BOULEVARD DAVOUT;;;;750
200800062082;8;10;23;1333;1;2;1;1;6;120;132, BOULEVARD DE BELLEV;;;;750
200800062108;8;10;8;1355;1;2;1;1;2;113;5, PLACE D ITALIE;;;;750
200800062113;8;10;11;240;5;2;3;1;6;103;203, RUE SAINT MARTIN;;;;750
200800062128;8;10;17;614;4;2;2;1;3;114;AVENUE DU MAINE;;;;750
200800062252;8;11;12;1900;3;1;1;1;2;7;;M;0.0;0.0;10
200800062263;8;11;26;1100;1;2;6;1;1;143;rue du saleve;M;0.0;0.0;10
200800062287;8;11;4;1245;1;2;1;1;3;86;grande rue;M;4469800.0;547900.0;260
200800062306;8;11;21;2100;3;1;1;3;6;405;;M;0.0;0.0;380
200800062330;8;11;8;1500;1;2;6;1;6;298;rue de la republique;M;4537800.0;479500.0;380
200800062332;8;11;20;1530;1;1;6;1;1;72;;M;4532400.0;481300.0;380
200800062335;8;11;21;1445;1;2;1;1;1;92;rue de VERDUN;M;4581000.0;463000.0;420
200800062416;8;11;21;1415;1;1;1;1;6;49;;M;4520800.0;399100.0;430
200800062435;8;11;6;1430;5;2;1;1;1;160;rue de la houve;M;4921900.0;669500.0;570
200800062450;8;11;8;1515;1;1;1;1;3;59;;M;0.0;0.0;540
200800062486;8;11;25;330;3;1;1;4;1;130;;M;4841000.0;764000.0;670
200800062487;8;11;25;1330;1;2;1;1;1;130;Rue andre MALRAUX;M;4842000.0;770000.0;670
200800062547;8;11;21;1345;1;1;1;8;1;477;;M;4963500.0;502900.0;80
200800062561;8;11;8;1400;1;1;1;1;5;154;;M;4801700.0;517000.0;520
200800062608;8;11;27;1300;1;1;1;1;2;460;;M;0.0;0.0;890
200800062619;8;11;10;1800;3;1;1;1;1;387;;M;0.0;0.0;250
200800062695;8;11;1;1130;1;1;1;1;3;15;;M;0.0;0.0;830
200800062699;8;11;26;645;3;1;1;1;2;23;;M;0.0;0.0;830
200800062724;8;11;10;1815;5;2;6;1;3;39;Rond point Bd Victor Hug;M;4408900.0;488600.0;840
200800062771;8;11;20;745;1;2;1;1;3;20;D 14 // ZA grande terre;M;0.0;0.0;300
200800062772;8;11;22;1145;1;1;1;1;3;214;;M;4404600.0;408300.0;300
200800062797;8;11;2;1115;1;2;2;1;3;630;CARREFOUR RD 64 RD 62;M;0.0;0.0;590
200800062807;8;11;26;800;1;1;3;5;1;80;;M;0.0;0.0;620
200800062818;8;11;20;1900;3;2;1;2;6;201;;M;5057000.0;160000.0;620
200800062863;8;11;12;1415;1;2;1;1;5;103;1 rue de l'herbier;M;0.0;0.0;600
200800062890;8;11;13;1715;2;2;1;1;3;625;Lotissement Les Sablons;M;4951900.0;72600.0;760
200800062893;8;11;29;1700;1;1;1;1;1;342;;M;4965600.0;55300.0;760
200800062918;8;11;15;2015;5;2;1;1;6;322;Rue de la Ravine;M;4922700.0;106800.0;270
200800062939;8;11;13;1100;1;1;3;1;3;358;;M;0.0;0.0;350
200800062945;8;11;14;1830;3;1;1;2;1;339;;M;0.0;0.0;350
200800062967;8;11;27;1830;3;1;3;2;1;173;;M;4800300.0;-416400.0;290
200800062999;8;11;26;930;1;2;6;1;3;117;rond point de la gare;M;4788800.0;-283100.0;560
200800063029;8;11;4;1500;1;1;1;1;2;252;;M;0.0;0.0;500
200800063055;8;11;26;1815;3;1;1;1;1;54;;M;4770500.0;-135200.0;440
200800063063;8;11;19;1800;3;1;1;1;1;130;;M;0.0;0.0;440
200800063076;8;11;28;930;1;2;1;8;4;53;44 route de Pontchateau;M;0.0;0.0;440
200800063165;8;11;24;1815;5;2;1;2;1;514;boulevard marsan montbru;M;4550900.0;-112100.0;330
200800063194;8;11;4;930;1;1;1;1;2;161;;M;4409300.0;-2400.0;400
200800063208;8;11;2;1515;1;2;1;1;1;324;ROUTE DE CASTILLONNES;M;4463900.0;73500.0;470
200800063209;8;11;21;1630;1;1;1;2;6;185;;M;0.0;0.0;470
200800063315;8;11;3;1630;1;2;1;1;1;561;RN88- RTE DE BESSIERES;M;4365100.0;147000.0;310
200800063338;8;11;10;1645;1;1;1;1;1;161;;M;4448400.0;249600.0;120
200800063417;8;11;19;815;1;2;1;1;1;175;cd58;M;0.0;0.0;10
200800063432;8;11;23;1145;1;2;1;1;2;11;CHEMIN DE VILLENEUVE;M;0.0;0.0;660
200800063440;8;11;13;1345;1;1;1;6;1;8;;M;4298000.0;264800.0;660
200800063505;8;11;7;1815;3;1;1;2;2;197;;M;4671800.0;253400.0;180
200800063568;8;11;24;1730;2;1;1;3;3;195;;M;4417100.0;31800.0;470
200800063573;8;11;18;1315;1;1;6;8;1;51;;M;0.0;0.0;350
200800063618;8;11;25;1330;1;2;1;1;3;106;Rue des acacias;M;4876900.0;795400.0;670
200800063623;8;11;15;1630;1;1;1;1;1;148;;M;4762900.0;143400.0;410
200800063672;8;11;21;1145;1;1;1;6;6;337;;M;4354500.0;385100.0;340
200800063746;8;11;13;1730;3;1;1;1;2;156;;M;4791800.0;726200.0;680
200800063778;8;11;17;1049;1;2;1;1;3;162;08, PLAGES (RUE DES);;;;560
200800063779;8;11;17;1406;1;1;6;1;3;162;KERLIR (CHEMIN DE);;;;560
200800063783;8;11;19;1400;1;2;1;1;6;121;., KERJULAUDE ( PONT DE;;;;560
200800063785;8;11;19;1744;1;2;6;1;3;121;., ASTURIES (ROND POINT;;;;560
200800063787;8;11;7;1235;1;2;3;1;3;395;1, LEOPOLD (COURS);;;;540
200800063789;8;11;8;2050;5;2;1;1;6;395;1, MON DESERT (RUE);;;;540
200800063790;8;11;9;1115;1;2;3;2;6;547;1, LECLERC (AVENUE DU GE;;;;540
200800063793;8;11;13;1310;1;1;1;1;3;395;9, MEZIERES (RUE ALFRED);;;;540
200800063795;8;11;17;1805;5;2;3;1;7;274;8, REPUBLIQUE (RUE DE LA;;;;540
200800063811;8;11;26;1340;1;2;1;1;3;395;159, STRASBOURG (AVENUE;;;;540
200800063823;8;11;6;1730;5;2;1;1;3;29;8, PORT ( RUE DU );;;;550
200800063837;8;11;5;1355;1;2;3;1;3;194;143, MONTAPINS;;;;580
200800063840;8;11;12;1235;1;2;1;2;6;194;12, NIEVRE;;;;580
200800063841;8;11;17;1820;5;2;3;1;3;194;sans, REPUBLIQUE (BOULEV;;;;580
200800063856;8;11;27;1730;1;2;6;1;3;98;., PRESIDENT S. ALLENDE;;;;560
200800063870;8;11;25;1355;1;2;1;8;3;260;., ILES(GIRATOIRE DES);;;;560
200800063891;8;11;22;1355;1;2;1;1;6;463;130, CASTELNAU (RUE );;;;570
200800063945;8;11;8;1230;1;2;2;1;3;9;RONSSE CHARLES RUE;;;;590
200800063951;8;11;11;1605;1;2;1;1;3;9;OUEST BOULEVARD DE L;;;;590
200800063961;8;11;17;845;1;2;1;1;2;350;12, CANNES RUE DE;;;;590
200800063978;8;11;24;1345;1;1;9;1;6;328;HIPPODROME AV DE L N°134;;;;590
200800063987;8;11;26;1720;5;2;2;2;3;378;REPUBLIQUE AV DE LA (N°5;;;;590
200800064026;8;11;19;1425;1;1;4;1;1;339;EUROPE (AVENUE DE L');;;;590
200800064055;8;11;19;800;1;2;3;1;2;484;QUESNOY (RUE DU);;;;590
200800064066;8;11;22;1310;1;2;1;4;3;447;84, VALENCIENNES (CHASSE;;;;590
200800064084;8;11;8;1125;1;1;6;1;3;724;ARRAS;;;;620
200800064102;8;11;1;30;3;2;1;2;6;244;RN43;;;;620
200800064111;8;11;16;1935;3;1;1;2;2;215;sans, RD917;;;;620
200800064123;8;11;19;1450;1;2;6;1;3;186;0, BEUGNET (R CASIMIR);;;;620
200800064174;8;11;26;1820;3;1;1;1;2;136;PERTHUS (DU);;;;660
200800064186;8;11;4;1525;1;2;3;1;3;482;MITTELHAUSBERGEN (ROUTE;;;;670
200800064194;8;11;8;1505;1;2;2;1;3;482;KURVAU (RUE DE LA);;;;670
200800064197;8;11;12;1230;1;2;1;1;3;482;0, FORET NOIRE (AVENUE D;;;;670
200800064203;8;11;19;1910;5;2;3;1;3;482;13, OBSERVATOIRE (RUE DE;;;;670
200800064205;8;11;21;1805;4;2;1;1;1;482;PAUL ELUARD (RUE);;;;670
200800064206;8;11;21;945;1;2;2;2;3;482;rue Edmond Michelet;;;;670
200800064220;8;11;9;1915;5;2;1;1;7;113;., SALFORD (PLACE);;;;630
200800064276;8;11;10;1220;1;2;2;1;3;445;0, HENRY RUSSEL;;;;640
200800064284;8;11;25;1445;1;2;1;1;3;445;0, Rond Point de la Comm;;;;640
200800064286;8;11;27;1410;1;2;1;1;3;445;HAUTERIVE;;;;640
200800064289;8;11;26;1600;1;2;6;1;3;348;0, ERCKMAN CHATRIAN;;;;640
200800064296;8;11;14;900;1;2;1;1;3;483;1, VERDUN (AVENUE DE);;;;640
200800064298;8;11;10;1732;5;2;3;1;3;172;sans, SAINT VINCENT DE P;M;4362175.0;387446.0;340
200800064368;8;11;26;1901;5;2;1;1;3;172;400, MOULINS (AVENUE DES;;;;340
200800064369;8;11;27;1545;1;2;1;1;1;172;17, LODEVE (AVENUE DE;;;;340
200800064383;8;11;3;1325;1;2;2;2;3;238;00, DUCHESSE ANNE (BLD D;;;;350
200800064387;8;11;5;1715;1;2;1;8;3;238;21, CHEZY (BD DE);;;;350
200800064389;8;11;6;835;1;2;2;1;3;238;00, ORMEAUX (DES);;;;350
200800064390;8;11;7;1605;1;2;1;1;6;238;REPUBLIQUE (PLACE DE LA);;;;350
200800064407;8;11;18;755;5;2;2;2;2;238;7, YOUGOSLAVIE (BD DE);;;;350
200800064421;8;11;25;1930;5;2;2;2;6;238;00, MOTTE (CONTOUR DE LA;;;;350
200800064429;8;11;1;1131;1;2;6;3;3;288;0, COQUELIN ( SQUARE JEA;;;;350
200800064437;8;11;29;1030;1;2;1;1;3;93;49, FEART (BOULEVARD);;;;350
200800064440;8;11;13;1825;5;2;3;1;2;44;71, STRASBOURG (DE);;;;360
200800064460;8;11;4;815;1;2;6;1;3;195;PRIEURE (AVENUE DU);;;;370
200800064468;8;11;14;845;1;2;3;8;3;261;MAINE (RUE DU);;;;370
200800064475;8;11;19;750;1;2;1;1;3;185;00, RUE THIERS;;;;380
200800064491;8;11;28;1150;1;2;1;1;3;192;285, CUTLER (RUE ALBERT);;;;400
200800064508;8;11;15;1515;1;2;3;1;1;269;20, INDUSTRIE (BOULEVARD;;;;410
200800064518;8;11;10;1301;1;2;3;1;3;187;21, GAMBETTA (AVENUE);M;4604030.0;405354.0;420
200800064537;8;11;9;1600;1;2;1;1;3;218;32, PALLE (DE LA) A PART;;;;420
200800064557;8;11;2;1505;1;2;1;1;3;135;1, L'HERMINIER ( QUAI DU;;;;440
200800064567;8;11;6;940;1;2;6;1;5;162;-, BOULEVARD FRANCOIS MI;;;;440
200800064568;8;11;6;1335;1;2;1;1;6;190;BOULEVARD DES PAS ENCHAN;;;;440
200800064598;8;11;25;912;1;2;1;1;6;190;6, RUE HENRI MAINGUET;;;;440
200800064602;8;11;17;810;2;2;6;1;6;114;AVENUE DE LA MORLIERE;;;;440
200800064613;8;11;19;1045;1;2;6;1;3;184;GAUTIER (RUE HENRI) DU 2;;;;440
200800064654;8;11;12;1100;1;2;2;1;3;323;9, DANTON (BOULEVARD);;;;470
200800064662;8;11;5;801;2;2;1;1;7;7;16, BIRGE BOULEVARD;;;;490
200800064673;8;11;12;921;1;2;1;1;7;7;0, CHAMP DE BATAILLE;;;;490
200800064675;8;11;12;1455;1;2;1;1;7;7;0, JEANNE D'ARC AVENUE;;;;490
200800064681;8;11;14;726;2;2;1;1;6;7;37, CHALOUERE;;;;490
200800064691;8;11;22;1215;1;2;1;1;3;246;0, GALLIENI AVENUE;;;;490
200800064697;8;11;26;915;1;2;1;1;3;7;0, POIREL BOULEVARD;;;;490
200800064716;8;11;18;1400;1;2;4;1;3;129;00, ABBAYE (RUE DE L');;;;500
200800064757;8;11;4;1227;1;2;1;1;6;395;30, OUDINOT (RUE DU MAL);;;;540
200800064807;8;11;1;1515;1;2;5;2;3;46;LEON LUM AVENUE;;;;930
200800064834;8;11;4;1410;1;2;8;1;1;8;186, JAURES (AVENUE JEAN;;;;930
200800064856;8;11;24;1630;1;2;1;1;3;51;MEDERIC (AVENUE);;;;930
200800064868;8;11;19;1300;1;2;1;1;3;55;CHEMIN DE FER (DU);;;;930
200800064899;8;11;12;1645;1;2;9;1;6;66;"88, ""STALINGRAD (AVENUE)";;;;930
200800064975;8;11;14;835;1;2;2;2;6;17;PLESSIS TREVISE (R DU);;;;940
200800065021;8;11;6;1700;1;2;2;1;3;76;LOUIS ARAGON (AV);;;;940
200800065108;8;11;16;1200;1;2;1;1;6;68;109, LATTRE DE TASSIGNY;;;;940
200800065126;8;11;3;635;5;2;6;1;6;176;JOFFRE (BOULEVARD);;;;950
200800065127;8;11;4;1225;1;2;2;1;3;176;29, MARTRAY (RUE DU);;;;950
200800065153;8;11;30;700;5;2;2;1;3;482;00, GENERAL DE GAULLE (A;;;;670
200800065178;8;11;25;1810;5;2;6;1;2;224;60, ILE NAPOLEON (RUE DE;;;;680
200800065194;8;11;27;1850;5;2;4;1;3;152;0, JULES GUESDE;;;;690
200800065198;8;11;4;550;5;2;2;1;3;199;CARNOT;;;;690
200800065202;8;11;13;1505;1;2;1;1;5;259;0, AVENUE FRANCIS DE PRE;;;;690
200800065220;8;11;8;2315;5;2;1;1;3;266;34, AVENUE ANTOINE DE SA;;;;690
200800065222;8;11;10;1830;5;2;1;1;1;266;03, RUE RICHELIEU;;;;690
200800065225;8;11;22;1750;5;2;4;2;1;266;RUE ANATOLE FRANCE;;;;690
200800065226;8;11;27;15;5;2;2;1;3;482;RICHARD WAGNER (RUE);;;;670
200800065236;8;11;22;1910;5;2;1;1;3;76;2, KENNEDY (AVENUE JOHN;;;;710
200800065238;8;11;25;1800;5;2;1;1;3;76;CHARREAUX (AVENUE DES);;;;710
200800065274;8;11;28;735;2;2;1;1;3;12;THONON (ROUTE DE);;;;740
200800065303;8;11;11;400;5;2;1;1;6;351;NEANT, PRESIDENT WILSON;;;;760
200800065315;8;11;2;2020;5;2;1;1;3;152;548, MONTAIGNE(AVENUE DE;;;;770
200800065320;8;11;13;1035;1;2;1;1;6;186;215, GRANDE (RUE);;;;770
200800065351;8;11;14;1800;5;2;2;2;3;297;ignore, BROSSOLETTE (RUE;;;;780
200800065363;8;11;19;815;1;2;2;1;3;354;00, RUE FRANCIS FRANQUE;;;;780
200800065430;8;11;6;750;1;2;1;1;6;21;00, BAPAUME (BOULEVARD D;;;;800