Num_Acc;an;mois;jour;hrmn;lum;agg;int;atm;col;com;adr;gps;lat;long;dep
200800065453;8;11;25;1054;1;2;2;1;3;21;00, GENERAL DE GAULLE (A;;;;800
200800065520;8;11;21;1448;1;2;1;1;5;137;, VAUBAN (AVE);;;;830
200800065523;8;11;24;830;1;2;1;1;6;137;53, 15EME CORPS (AVE DU);;;;830
200800065565;8;11;12;1815;5;2;2;1;2;194;SCHWEITZER (RUE DU DOCTE;;;;850
200800065568;8;11;19;925;1;2;6;1;3;194;CHARCOT (ROND POINT DU D;;;;850
200800065570;8;11;28;1025;1;2;6;2;3;66;CHATELET (PLACE DU);;;;860
200800065626;8;11;1;1815;5;2;1;2;2;160;00, QUATRE VENTS (RUE DE;;;;880
200800065634;8;11;6;1210;1;2;1;1;3;387;184, SENIGALLIA (AVENUE;;;;890
200800065647;8;11;27;1400;1;2;1;1;3;10;1, CLEMENCEAU (BOULEVARD;;;;900
200800065674;8;11;18;1400;1;1;1;1;3;223;R.N.20;;;;910
200800065697;8;11;25;750;1;2;1;1;6;9;50, AGENT SARRE ( RUE DE;;;;920
200800065699;8;11;29;1005;1;2;3;1;3;4;NR, FAIDHERBE ( AVENUE );;;;920
200800065701;8;11;4;1335;1;2;3;1;3;32;DOLIVET J ET M (AVENUE);;;;920
200800065712;8;11;19;2250;5;2;3;1;3;691;ANGLE, RAYMOND POINCARE(;;;;910
200800065721;8;11;24;2000;4;2;1;2;7;471;101, PARIS (RUE DE);;;;910
200800065730;8;11;7;1220;1;2;1;1;6;549;168, CORBEIL (ROUTE DE);;;;910
200800065747;8;11;3;1530;1;2;2;1;3;4;122, VOLTAIRE ( BD 16 A;;;;920
200800065770;8;11;22;1900;5;2;1;1;3;25;MARECHAL FOCH (AV DU);;;;920
200800065777;8;11;14;845;1;2;1;1;2;50;10, VAILLANT COUTURIER P;;;;920
200800065787;8;11;21;840;1;2;3;1;3;62;BERGERES (RD-PT DES) DU;;;;920
200800065798;8;11;17;725;5;2;2;8;3;26;GEORGES CLEMENCEAU;;;;920
200800065838;8;11;14;810;2;2;1;1;3;20;27, VERDUN AVENUE DE N°1;;;;920
200800065847;8;11;26;720;2;2;1;1;6;49;09, VERDUN AVENUE DE;;;;920
200800065865;8;11;20;1645;1;2;1;1;2;64;56, REPUBLIQUE;;;;920
200800065887;8;11;12;1420;1;2;3;1;7;46;174, GABRIEL PERI;;;;920
200800065900;8;11;3;1300;1;2;1;1;6;1;13, PAUL ELUARD (ALLEE);;;;930
200800065903;8;11;5;1220;1;2;1;8;6;1;144, HENRI BARBUSSE (RUE;;;;930
200800065929;8;11;27;1600;1;2;3;1;3;89;COMMERCE (RUE DU);;;;160
200800065937;8;11;19;810;1;2;6;1;3;299;172990065, BRIAND BOULEV;;;;170
200800065942;8;11;5;1915;3;2;1;1;6;300;CLEMENCEAU   AVENUE GEOR;;;;170
200800065946;8;11;9;1609;1;2;1;2;6;300;MOULIN   PONT JEAN;;;;170
200800065948;8;11;11;1750;5;2;1;1;6;300;03, MENARD   AVENUE DU C;;;;170
200800065967;8;11;30;1114;1;2;1;1;7;28;LYSIACK   AVENUE DU COMM;;;;170
200800065968;8;11;17;1005;1;1;1;1;2;300;D 106;;;;170
200800066030;8;11;11;740;2;2;1;3;2;231;54, MARECHAL GALLIENI (B;;;;210
200800066035;8;11;13;1053;1;2;2;1;3;231;ERNEST PETIT (RUE);;;;210
200800066039;8;11;14;1550;1;2;2;1;3;231;31, GUSTAVE EIFFEL (AVEN;;;;210
200800066045;8;11;18;1811;5;2;1;2;6;231;PREFECTURE (DE LA) (RUE);;;;210
200800066057;8;11;26;1239;1;2;1;1;6;231;MARTYRS DE LA RESISTANCE;;;;210
200800066061;8;11;28;854;1;2;2;1;3;231;LAMONNOYE (RUE);;;;210
200800066072;8;11;8;1445;1;2;1;1;3;278;0, GARNIER (ABBE);;;;220
200800066077;8;11;13;600;5;2;1;1;6;278;0, GOUEDIC (DE);;;;220
200800066080;8;11;14;1525;1;2;6;1;3;278;0, MERIMEE (PROSPER);;;;220
200800066084;8;11;20;1253;1;2;1;2;7;360;0, LAENNEC (RUE DU DR);;;;220
200800066085;8;11;21;1045;1;1;1;1;7;278;0, ECLUSES (CHEM. DE L');;;;220
200800066102;8;11;25;2025;3;1;1;1;3;56;MARCHAUX ROUTE DE;;;;250
200800066153;8;11;25;750;5;2;2;1;3;229;sans, DEBUSSY (RUE CLAUD;;;;280
200800066160;8;11;1;1243;1;2;1;1;2;19;., JAURES JEAN (DE 105 A;;;;290
200800066162;8;11;5;1120;1;2;2;1;3;19;., ROSCANVEL (PLACE ET R;;;;290
200800066226;8;11;8;800;5;2;6;1;3;189;BABY JACQUES (RUE ET IMP;M;4385291.0;439785.0;300
200800066235;8;11;13;1615;1;2;1;1;6;189;5, HORLOGE (RUE);M;4383879.0;435830.0;300
200800066261;8;11;25;1325;1;2;1;1;3;189;BOEGNER PASTEUR MARC (BO;;;;300
200800066288;8;11;7;820;1;2;1;3;3;63;RUE GENERAL DE LARMINAT;;;;330
200800066295;8;11;10;1105;1;2;1;1;6;63;118, CRS DE LA SOMME;;;;330
200800066309;8;11;12;720;5;2;1;1;1;21;DES MARAICHERS (AVENUE);;;;940
200800066405;8;11;9;400;5;2;1;2;3;555;999, AV DE LYON;;;;310
200800066417;8;11;14;1634;1;2;2;1;1;555;999, RTE DE BLAGNAC;;;;310
200800066420;8;11;13;1750;5;2;1;1;3;555;70, AV ETIENNE BILLIERES;;;;310
200800066450;8;11;22;1340;1;2;1;1;1;555;999, PL LAGANNE;;;;310
200800066459;8;11;4;2335;5;2;1;3;1;555;999, AV EDOUARD BELIN;;;;310
200800066479;8;11;3;1525;1;2;1;1;2;12;Place, PONT DE BILLANCOU;;;;920
200800066505;8;11;14;1355;1;2;6;1;3;451;BRESSE (AVENUE DE );;;;10
200800066540;8;11;29;1205;1;2;1;1;3;555;999, RUE DES COUTELIERS;;;;310
200800066566;8;11;9;1505;1;2;3;1;3;155;11, TAPIS VERT AV.DU;;;;60
200800066569;8;11;16;946;1;1;1;1;1;4;LITTORAL(BDM APRES BIJOU;;;;60
200800066581;8;11;5;1700;1;2;1;2;6;123;613, LIBERATION AVENUE D;;;;60
200800066596;8;11;23;1130;1;2;3;1;3;27;NICE AVENUE DE (RN7);;;;60
200800066626;8;11;19;1700;1;2;1;1;7;69;x, HAUTES CHAUVES (CHEMI;;;;60
200800066627;8;11;19;1725;5;2;1;1;1;69;116 bis, CANNES (ROUTE D;;;;60
200800066671;8;11;11;1405;1;2;1;1;3;88;0, TURIN (RTE DE);;;;60
200800066689;8;11;15;1600;1;2;1;1;3;88;174, CALIFORNIE (AV.) (D;;;;60
200800066738;8;11;26;745;1;2;1;1;2;88;0, VOIE RAPIDE;;;;60
200800066755;8;11;13;1145;1;2;3;1;3;102;COLOMB (RUE CHRISTOPHE);;;;70
200800066769;8;11;18;1835;5;2;1;1;7;387;000, ARISTIDE MAILLOL (R;;;;100
200800066771;8;11;26;1445;1;2;1;1;6;387;15, COMTES DE CHAMPAGNE;;;;100
200800066781;8;11;13;1700;1;2;1;1;7;262;1, LORRAINE (QUAI DE);;;;110
200800066818;8;11;8;720;1;1;6;1;2;5;RN 396 (ROUTE NATIONALE);;;;130
200800066848;8;11;25;900;1;2;1;1;6;55;18, REPUBLIQUE (RUE DE L;;;;130
200800066881;8;11;7;1040;1;2;1;1;2;55;43, RABATAU (BOULEVARD);;;;130
200800066909;8;11;1;1750;5;2;1;1;3;55;77, SAKAKINI (BOULEVARD);;;;130
200800066939;8;11;20;1310;1;2;1;1;3;55;3, BOUIRES (BOULEVARD DE;;;;130
200800066990;8;11;19;1950;5;2;2;1;3;55;395, PARADIS (RUE);;;;130
200800067004;8;11;21;1645;1;2;1;1;7;55;6, OCTROI (PLACE GARE DE;;;;130
200800067064;8;11;13;820;1;2;1;1;2;118;COLBERT (RUE JEAN-BAPTIS;;;;140
200800067086;8;11;8;1723;2;2;1;1;2;15;00, LIEDOT (BOULEVARD);;;;160
200800067090;8;11;13;900;1;2;1;1;3;63;22, RUE DE L'ECOLE NORMA;;;;330
200800067107;8;11;11;550;5;2;4;1;3;39;RUE GENERAL KLEBER;;;;330
200800067112;8;11;20;1250;1;2;2;1;3;63;BD DU PRESIDENT WILSON;;;;330
200800067113;8;11;20;1750;5;2;1;1;6;63;27 bis, CRS DE VERDUN;;;;330
200800067117;8;11;15;2028;5;2;1;1;1;522;AVE ROUL;;;;330
200800067123;8;11;22;750;2;2;6;1;3;63;42, RUE DE LA BECHADE;;;;330
200800067124;8;11;21;730;3;2;1;1;1;63;QUAI DE LA MONNAIE;;;;330
200800067139;8;11;26;1150;1;2;3;1;3;63;61, CRS VICTOR HUGO;;;;330
200800067157;8;11;27;1000;1;2;2;1;3;63;RUE LECOCQ;;;;330
200800067166;8;11;27;830;5;2;2;5;3;39;RUE CHARLES GOUNOD;;;;330
200800067184;8;11;20;1530;1;2;1;1;6;306;55, JOFFRE (BOULEVARD);;;;950
200800067191;8;11;13;850;1;2;1;1;2;51;121, JULES CESAR (CHAUSS;;;;950
200800067317;8;11;29;230;5;2;1;1;6;120;33, AVENUE GAMBETTA;;;;750
200800067332;8;11;15;2335;5;2;2;8;3;116;PLACE D IENA;;;;750
200800067346;8;11;27;1915;5;2;1;1;6;108;37, AVENUE HOCHE;;;;750
200800067352;8;11;27;1000;1;2;2;1;2;114;38, AVENUE DU GENERAL LE;;;;750
200800067353;8;11;27;1001;1;2;2;1;3;114;1, RUE BROUSSAIS;;;;750
200800067361;8;11;27;1515;1;2;2;1;6;119;31, RUE MANIN;;;;750
200800067370;8;11;29;1020;1;2;3;1;7;101;QUAI DES TUILERIES;;;;750
200800067383;8;11;29;1515;1;2;3;8;6;110;31, RUE LUCIEN SAMPAIX;;;;750
200800067384;8;11;29;1745;5;2;1;1;3;110;RUE DU FAUBOURG DU TEMPL;;;;750
200800067725;8;11;6;1730;5;2;2;2;3;383;0, AVENUE ESQUIROL;;;;690
200800067735;8;11;19;915;1;2;2;1;2;383;0, AVENUE FELIX FAURE;;;;690
200800067751;8;11;10;1850;5;2;3;1;3;387;0, BOULEVARD YVES FARGE;;;;690
200800067758;8;11;17;1435;1;2;2;1;3;389;, RUE SERGENT MICHEL BER;;;;690
200800067784;8;11;3;1600;1;2;1;1;3;113;AVENUE DE LA PORTE D ITA;;;;750
200800067792;8;11;3;930;1;2;5;1;3;119;2, BOULEVARD DE LA VILLE;;;;750
200800067804;8;11;4;1820;5;2;1;1;3;108;PLACE DE LA CONCORDE;;;;750
200800067820;8;11;4;1405;1;2;1;1;3;117;59, RUE JOUFFROY D ABBAN;;;;750
200800067828;8;11;5;1445;1;2;2;8;6;103;59, RUE BEAUBOURG;;;;750
200800067846;8;11;10;1040;1;2;1;1;6;112;23, RUE CHALIGNY;;;;750
200800067849;8;11;10;1842;5;2;1;1;6;115;161 bis, RUE DE LA CONVE;;;;750
200800067856;8;11;10;1055;1;2;1;6;3;119;218, RUE D AUBERVILLIERS;;;;750
200800067917;8;11;10;1250;1;2;1;1;2;110;2, BOULEVARD SAINT MARTI;;;;750
200800067942;8;11;8;504;5;2;5;1;6;106;1, QUAI DES GRANDS AUGUS;;;;750
200800067945;8;11;8;1305;1;2;2;1;7;109;91, RUE LA FAYETTE;;;;750
200800067947;8;11;8;1125;1;2;1;1;6;112;AVENUE DAUMESNIL;;;;750
200800067970;8;11;7;905;1;2;2;2;3;110;30, BOULEVARD DE MAGENTA;;;;750
200800067996;8;11;12;1550;1;2;5;1;6;105;8, RUE GAY LUSSAC;;;;750
200800067997;8;11;12;1620;1;2;1;1;2;106;RUE DE VAUGIRARD;;;;750
200800068052;8;11;14;1640;2;2;1;2;3;112;146, RUE DU FAUBOURG SAI;;;;750
200800068078;8;11;17;1248;1;2;1;1;3;107;02, RUE DE BABYLONE;;;;750
200800068083;8;11;17;1945;5;2;1;8;6;111;143, BOULEVARD DE CHARON;;;;750
200800068091;8;11;17;1105;1;2;3;1;3;113;RUE BRUNESEAU;;;;750
200800068130;8;11;21;815;1;2;2;2;3;101;7, RUE DE L ECHELLE;;;;750
200800068134;8;11;21;758;2;2;1;2;3;106;169, BOULEVARD SAINT GER;;;;750
200800068155;8;11;21;1540;1;2;2;1;3;116;86, AVENUE RAYMOND POINC;;;;750
200800068164;8;11;23;1320;1;2;3;2;3;101;QUAI FRANCOIS MITTERRAND;;;;750
200800068182;8;11;22;2050;5;2;2;1;1;110;BOULEVARD DE STRASBOURG;;;;750
200800068195;8;11;22;1845;5;2;1;2;7;120;RUE DES COURONNES;;;;750
200800068230;8;11;21;1320;1;2;1;1;3;115;QUAI D ISSY LES MOULINEA;;;;750
200800068240;8;11;25;900;1;2;1;1;6;108;PLACE DE LA CONCORDE;;;;750
200800068247;8;11;25;1550;1;2;1;1;6;110;18, BOULEVARD SAINT DENI;;;;750
200800068250;8;11;25;2025;5;2;2;1;3;112;AVENUE EMILE LAURENT;;;;750
200800068272;8;11;26;1820;5;2;1;1;3;111;6, PASSAGE CHARLES DALLE;;;;750
200800068274;8;11;26;828;1;2;1;1;3;114;20, RUE LALANDE;;;;750
200800068307;8;11;19;735;1;2;2;1;3;120;RUE D AVRON;;;;750
200800068358;8;11;28;900;1;2;3;1;6;115;RUE BALARD;;;;750
200800068505;8;12;30;2245;5;1;1;1;2;611;;M;5067900.0;301800.0;590
200800068535;8;12;20;1115;1;2;2;1;1;174;Rue de la Tournee;M;5086000.0;197000.0;620
200800068564;8;12;5;1400;1;2;1;3;3;16;Rue Louis Cretel;M;5000600.0;264700.0;800
200800068569;8;12;2;1115;1;2;1;1;3;579;CD932 rue de Paris;M;0.0;0.0;800
200800068597;8;12;5;1800;3;1;1;1;2;573;;M;0.0;0.0;600
200800068691;8;12;24;1600;1;1;1;1;1;213;;M;4851100.0;-199800.0;220
200800068699;8;12;3;1730;2;1;1;8;2;119;;M;4860700.0;-353900.0;220
200800068733;8;12;7;1230;1;2;1;7;3;592;Route d'Evrecy - CD 139;M;4908300.0;-49500.0;140
200800068758;8;12;6;1915;3;1;1;1;1;622;;M;0.0;0.0;500
200800068850;8;12;30;1145;1;1;1;1;3;51;;M;4781900.0;7200.0;720
200800068886;8;12;18;1745;5;2;1;1;3;13;av. de l'Eglise Romane;M;0.0;0.0;330
200800068931;8;12;1;1745;3;2;1;1;1;310;rue de germillac;M;4439700.0;30600.0;470
200800068939;8;12;30;1615;1;2;1;1;1;230;avenue des Pyrenees;M;4322000.0;-38000.0;640
200800068947;8;12;27;1600;1;1;6;1;1;422;;M;4319500.0;-61800.0;640
200800068972;8;12;10;930;1;1;1;1;1;121;;M;4619500.0;-141300.0;170
200800068985;8;12;4;715;4;1;1;2;3;3;;M;0.0;0.0;170
200800069017;8;12;21;1430;1;1;1;1;6;104;;M;4555200.0;158200.0;190
200800069041;8;12;30;1515;1;1;1;7;2;170;;M;0.0;0.0;310
200800069118;8;12;15;1600;1;2;3;1;3;291;av. des portes de LYON;M;0.0;0.0;690
200800069166;8;12;26;1500;1;1;1;1;6;347;;M;4508200.0;483200.0;260
200800069170;8;12;6;900;1;2;1;2;1;158;rue du muret;M;4515900.0;575000.0;380
200800069171;8;12;2;1330;1;2;1;1;1;317;COURS ST ANDRE;M;0.0;0.0;380
200800069200;8;12;27;1115;1;2;6;1;3;97;ROD POINT DES 5 CHEMINS;M;4577100.0;519700.0;380
200800069242;8;12;2;1530;1;2;1;7;1;42;route de Nohanent;M;0.0;0.0;630
200800069249;8;12;1;1045;1;1;1;2;7;201;;M;4595500.0;339600.0;630
200800069301;8;12;18;1845;3;2;1;2;5;122;;M;4876200.0;561000.0;550
200800069370;8;12;21;1430;1;1;1;1;2;46;;M;0.0;0.0;510
200800069392;8;12;19;1830;3;1;1;5;2;262;;M;4804000.0;442100.0;100
200800069462;8;12;8;1400;1;1;1;8;7;439;;M;0.0;0.0;250
200800069503;8;12;6;1945;3;2;1;1;6;100;CD99A;M;0.0;0.0;130
200800069555;8;12;8;1530;1;1;6;7;3;107;;M;0.0;0.0;830
200800069564;8;12;13;1245;1;2;1;1;1;112;Rue Republique;M;0.0;0.0;830
200800069615;8;12;7;1045;1;1;1;1;2;39;;M;4345800.0;365500.0;340
200800069750;8;12;17;1615;1;2;6;1;3;233;KERVAIL;M;0.0;0.0;290
200800069840;8;12;9;2015;4;2;1;1;1;397;RD 1090;M;0.0;0.0;380
200800069857;8;12;18;745;1;1;1;1;7;18;;M;0.0;0.0;60
200800069937;8;12;11;1915;3;1;6;1;1;54;;M;0.0;0.0;830
200800070001;8;12;22;1320;1;1;1;2;3;410;CD 86 (ROUTE DE DUCLAIR);;;;760
200800070043;8;12;23;1825;5;2;1;1;6;51;182, BINEAU (BOULEVARD,;;;;920
200800070068;8;12;4;730;2;2;3;2;3;555;999, AV MAURICE HAURIOU;;;;310
200800070075;8;12;5;1745;5;2;1;2;6;555;999, RUE LAFAYETTE;;;;310
200800070078;8;12;6;1405;1;2;1;1;1;555;999, RUE MATABIAU;;;;310
200800070083;8;12;4;830;1;2;3;8;3;555;999, BD RICHARD WAGNER;;;;310
200800070111;8;12;17;730;2;2;6;1;2;555;34, AV DES COTTAGES;;;;310
200800070114;8;12;18;1140;1;2;1;1;3;555;999, AV FREDERIC ESTEBE;;;;310
200800070116;8;12;19;2055;5;2;1;2;1;555;107, BD DEODAT DE SEVERA;;;;310
200800070120;8;12;21;1130;1;2;3;1;3;555;999, PL OLIVIER;;;;310
200800070121;8;12;21;1225;1;2;1;1;6;555;17, BD LASCROSSES;;;;310
200800070133;8;12;29;2350;5;2;1;2;3;555;119, RUE DU FERETRA;;;;310
200800070138;8;12;12;1335;1;2;2;1;2;288;DUPARQUIER (RUE);;;;350
200800070151;8;12;19;810;5;2;3;1;6;526;HENRI DURRE;;;;590
200800070161;8;12;24;1515;1;2;1;1;3;10;12, CARNOT (PONT);;;;900
200800070210;8;12;7;1355;1;2;6;1;2;321;1, LIBERTE (ROND-POINT D;;;;30
200800070228;8;12;12;1320;1;2;1;1;6;4;136, WILSON BD;;;;60
200800070231;8;12;21;1244;1;2;1;1;5;4;R.N.98 BORD DE MER SIEST;;;;60
200800070327;8;12;4;740;1;2;1;1;3;88;6, CARLONE (BD);;;;60
200800070408;8;12;29;945;1;2;1;1;7;387;178, PREIZE (RUE DE);;;;100
200800070421;8;12;6;940;1;2;1;1;6;262;1, VOLTAIRE (PLACE ET IM;;;;110
200800070424;8;12;15;645;3;2;1;1;6;262;MARS (AVENUE DU CHAMP DE;;;;110
200800070458;8;12;9;1715;5;2;1;1;3;4;HONGRIE AVENUE DE;;;;130
200800070490;8;12;10;1630;3;2;2;2;3;55;48, ATHENES (BOULEVARD D;;;;130
200800070573;8;12;10;1210;1;2;3;3;3;55;129, CAILLOLS (AVENUE DE;;;;130
200800070669;8;12;23;1340;1;2;3;1;3;118;1, GUILLOU (BOULEVARD YV;;;;140
200800070689;8;12;19;1800;5;2;6;1;3;449;174490052, R.D. 911;;;;170
200800070692;8;12;2;900;1;2;1;1;7;300;35, VAUGOUIN   RUE DE;;;;170
200800070696;8;12;4;1219;1;2;1;1;3;28;1 bis, GALILEE   RUE;;;;170
200800070703;8;12;9;920;1;2;1;1;6;300;0001, place Francois Mit;;;;170
200800070712;8;12;16;925;1;2;1;1;2;300;34, MOULIN DE LA MOZAY;;;;170
200800070717;8;12;19;900;1;2;9;1;3;300;28, CHAMP DE MARS   AVEN;;;;170
200800070792;8;12;8;735;5;2;1;5;3;231;ALBERT PREMIER (AVENUE);;;;210
200800070795;8;12;10;436;5;2;7;4;3;231;30 OCTOBRE ET DE LA LEGI;;;;210
200800070830;8;12;14;1220;1;2;6;1;3;278;46, 71° RI (DU);;;;220
200800070895;8;12;23;1730;5;2;1;1;6;681;JAURES (BOULEVARD JAURES;;;;270
200800070898;8;12;28;1925;5;2;1;1;6;681;BONNARD (RUE PIERRE);;;;270
200800070908;8;12;8;1710;2;2;3;1;6;85;SANS, MARAIS (RUE DES);;;;280
200800070918;8;12;17;730;2;2;1;1;6;229;sans, CHATEAU D'EAU (RUE;;;;280
200800070944;8;12;26;1015;1;2;6;1;3;19;., LE GORGEU (SANS N° EN;;;;290
200800070972;8;12;27;1330;1;2;1;1;6;7;GAGARINE (AVE YOURI);;;;300
200800071037;8;12;20;1045;1;2;1;1;6;149;999, CATCHERE (ALLEE DE);;;;310
200800071049;8;12;23;1930;5;2;1;1;3;63;106, BD DU PDT FRANKLIN;;;;330
200800071059;8;12;2;1625;1;2;3;1;3;63;RUE D'ARMAGNAC;;;;330
200800071063;8;12;2;800;5;2;1;1;3;281;30, AVE HENRI BARBUSSE;;;;330
200800071075;8;12;8;1230;1;2;1;1;3;63;79, RUE DE BEGLES;;;;330
200800071086;8;12;9;1645;1;2;1;1;3;63;RUE DE LA LIBERTE CAUD;;;;330
200800071107;8;12;10;1845;5;2;1;1;1;550;145, RTE DE LEOGNAN;;;;330
200800071113;8;12;14;1225;1;2;3;1;3;63;RUE FERRERE;;;;330
200800071116;8;12;12;845;1;2;2;1;3;63;RUE MILLIERE;;;;330
200800071122;8;12;11;1950;5;2;2;1;3;69;AVE DE TIVOLI;;;;330
200800071137;8;12;19;2230;5;2;2;1;3;63;RUE DE CURSOL;;;;330
200800071145;8;12;23;1455;1;2;2;1;3;63;RUE PERINOT CAUD;;;;330
200800071149;8;12;26;1810;5;2;1;1;5;63;144, BD DU PRESIDENT WIL;;;;330
200800071188;8;12;4;1522;1;2;1;8;2;172;1140, EINSTEIN (AVENUE A;;;;340
200800071242;8;12;8;935;1;2;2;1;2;238;00, ESTIENNE D'ORVES (HO;;;;350
200800071256;8;12;15;1315;1;2;6;1;3;238;00, VERN (DE);;;;350
200800071257;8;12;15;1730;5;2;2;8;3;238;45, PARIS (RUE DE);;;;350
200800071258;8;12;15;1745;5;2;6;1;3;55;00, BONNIN ANDRE (AVENUE;;;;350
200800071277;8;12;31;1320;1;2;1;1;3;238;10, METZ (BD DE);;;;350
200800071298;8;12;9;1850;5;2;2;1;3;261;152, GIRAUDEAU (RUE);;;;370
200800071310;8;12;16;1630;5;2;1;1;6;185;00, AVENUE FÉLIX VIALLET;;;;380
200800071313;8;12;20;650;2;2;3;1;3;185;RUE LESDIGUIÈRES;;;;380
200800071357;8;12;17;1920;5;2;6;4;3;187;PROMENADES POPULLE(PONT;M;4603721.0;406469.0;420
200800071360;8;12;26;1728;2;2;3;1;3;187;20, RENAISON (LEVEE DU);;;;420
200800071401;8;12;19;1355;1;2;1;1;2;132;REPUBLIQUE (BOULEVARD DE;;;;440
200800071428;8;12;10;1140;1;2;2;1;6;143;BAS LANDREAU (RUE DU);;;;440
200800071447;8;12;18;1930;4;2;6;2;6;109;PLACE RAYMOND POINCARE;;;;440
200800071474;8;12;11;755;2;2;3;1;3;184;53, LONGUET (RUE CHARLES;;;;440
200800071496;8;12;18;1006;1;2;2;1;3;234;MONTARGIS (RUE DE);;;;450
200800071508;8;12;17;755;5;2;1;1;3;1;GAMBETTA (COURS);;;;470
200800071517;8;12;3;1629;1;2;6;1;3;7;0, PAPIN;;;;490
200800071521;8;12;5;1204;1;2;1;1;7;7;0, DEUX CROIX BOULEVARD;;;;490
200800071533;8;12;11;755;5;2;1;1;6;7;0, ROI RENE BOULEVARD;;;;490
200800071534;8;12;11;840;1;2;1;1;3;353;0, PILARD;;;;490
200800071544;8;12;16;1730;5;2;1;1;3;7;0, CHAMBRE AUX DENIERS R;;;;490
200800071553;8;12;23;1330;1;2;1;1;3;7;0, JUSTICES PLACE;;;;490
200800071554;8;12;23;1324;1;2;1;1;3;7;0, ARBRISSEL;;;;490
200800071560;8;12;5;755;5;2;1;1;3;99;TESSOUALLE (AVENUE DE LA;;;;490
200800071592;8;12;15;1805;5;2;2;1;2;108;1, ROOSEVELT (AVE PRESID;;;;510
200800071601;8;12;17;1235;1;2;1;2;3;454;03, ROMAINS (RUE);;;;510
200800071612;8;12;12;1640;2;2;2;1;3;448;03, TOURTERELLES (RUE DE;;;;520
200800071632;8;12;8;1220;1;2;1;1;2;304;18, VILLERS (ROUTE DE);;;;540
200800071672;8;12;26;920;1;2;1;1;2;29;24, 94EME RI ( AVENUE DU;;;;550
200800071686;8;12;11;1040;1;2;6;2;3;162;., LECLERC (RUE DU GENER;;;;560
200800071705;8;12;27;1524;1;2;1;1;7;83;07, JOFFRE (RUE  DU MARE;;;;560
200800071714;8;12;18;905;1;2;6;1;3;260;., REMY(BOULEVARD DU COL;;;;560
200800071717;8;12;24;1740;2;2;6;1;3;260;., KERLANN(GIRATOIRE DE);;;;560
200800071769;8;12;2;2120;4;2;3;2;3;17;FAIDHERBE (BD );;;;590
200800071787;8;12;17;2115;5;1;3;8;3;588;., FURNES - ROUTE NATION;;;;590
200800071796;8;12;8;1720;2;2;1;1;3;295;., VERLYCK;;;;590
200800071800;8;12;2;920;1;2;1;1;6;350;602, DUNKERQUE AVENUE;;;;590
200800071811;8;12;7;935;1;2;1;1;6;9;COLBERT RUE;;;;590
200800071823;8;12;10;1720;2;2;1;1;6;350;65, NATIONALE RUE N°2 A;;;;590
200800071826;8;12;11;1205;1;2;1;1;3;378;340, MARNE AVENUE DE LA;;;;590
200800071840;8;12;19;1010;1;2;1;1;6;378;06, PERI GABRIEL RUE;;;;590
200800071878;8;12;11;1045;1;1;4;1;3;512;GAND (QUAI DE);;;;590
200800071879;8;12;15;1420;1;1;2;1;3;512;NATIONS UNIES (AVENUE DE;;;;590
200800071888;8;12;23;750;5;1;2;1;3;163;HANNART (AVENUE GEORGES);;;;590
200800071897;8;12;7;1710;5;2;1;1;3;508;LILLE (RUE DE)MENIN A 8;;;;590
200800071915;8;12;10;1810;5;2;1;1;3;447;43, VALENCIENNES (CHASSE;;;;590
200800071952;8;12;2;745;1;1;1;1;2;413;ANNAY (RTE D');;;;620