Num_Acc;an;mois;jour;hrmn;lum;agg;int;atm;col;com;adr;gps;lat;long;dep
200800072002;8;12;19;1740;5;2;1;1;1;113;1, NOHANENT (RUE DE);;;;630
200800072042;8;12;6;1830;5;2;6;3;3;445;0, CONDORCET;;;;640
200800072056;8;12;31;955;1;2;6;1;3;445;Rond Point de la Commune;;;;640
200800072096;8;12;1;850;1;2;2;1;3;482;0, PIERRE MENDES FRANCE;;;;670
200800072098;8;12;1;1725;5;2;1;2;3;482;0, LANDSBERG (RUE DU);;;;670
200800072102;8;12;3;1430;1;2;3;2;3;482;00, NUEE BLEUE (RUE DE L;;;;670
200800072120;8;12;12;1840;5;2;3;1;3;482;BATELIERS (QUAI DES);;;;670
200800072123;8;12;16;1200;1;2;1;1;3;482;260, MITTELHAUSBERGEN (R;;;;670
200800072126;8;12;18;1339;1;2;1;1;6;447;BISCHWILLER (ROUTE DE);;;;670
200800072128;8;12;19;1110;1;2;1;2;2;447;128, BISCHWILLER (ROUTE;;;;670
200800072136;8;12;23;1940;5;2;2;1;3;482;SCHIRMECK (ROUTE DE);;;;670
200800072137;8;12;23;2220;5;2;2;1;3;482;0, RHIN (ROUTE DU);;;;670
200800072138;8;12;24;1510;1;2;1;5;6;482;15, POLYGONE (ROUTE DU);;;;670
200800072147;8;12;12;1433;1;2;4;1;6;66;8, LECLERC (BOULEVARD DU;;;;680
200800072151;8;12;23;1107;1;2;1;1;6;66;3, PARIS (AVENUE DE);;;;680
200800072201;8;12;2;750;2;2;1;1;3;266;1 bis, autre;;;;690
200800072236;8;12;24;1215;1;2;3;1;3;153;., JAURES (RUE JEAN);;;;710
200800072270;8;12;24;1425;1;2;1;1;3;181;DURAND GEORGES (AV) N° I;;;;720
200800072283;8;12;12;1420;1;2;3;1;6;10;TAINE (BOULEVARD);;;;740
200800072292;8;12;8;1551;1;2;2;1;3;218;DRANSE (RUE DU PONT DE);;;;740
200800072302;8;12;9;730;5;2;6;2;3;351;néant, MARCEAU;;;;760
200800072316;8;12;15;2030;5;2;1;1;6;351;2, RENE COTY;;;;760
200800072343;8;12;29;1050;1;2;4;1;6;294;FRANKLIN ROOSEVELT (AVEN;;;;770
200800072367;8;12;11;750;2;2;2;1;3;172;0, DE GAULLE (BD DU GENE;;;;780
200800072370;8;12;7;1115;1;2;2;1;3;208;BLEUE (RUE);;;;780
200800072377;8;12;17;1710;2;2;2;8;3;397;HENRI IV (PLACE);;;;780
200800072386;8;12;23;1535;1;2;2;1;3;423;39, VAUBAN (BOULEVARD);;;;780
200800072452;8;12;6;750;5;2;1;1;3;21;00, GENERAL DE GAULLE (A;;;;800
200800072466;8;12;20;1700;2;1;1;1;7;261;RD 1001;;;;800
200800072486;8;12;7;1230;1;2;3;1;3;121;0, 19 AOUT 1944 ( AVENUE;;;;820
200800072493;8;12;30;1700;3;2;1;1;6;121;0, BEAUSOLEIL (AVENUE DE;;;;820
200800072502;8;12;6;1405;1;2;3;1;3;69;NS, ALMANARRE (ROUTE DE;;;;830
200800072506;8;12;6;1000;1;2;1;1;6;129;63, REPUBLIQUE (AVENUE D;;;;830
200800072513;8;12;28;1135;1;2;1;1;6;126;135, OLIVIERS (CHEMIN DE;;;;830
200800072522;8;12;11;1750;5;2;3;1;3;62;0, SALENGRO (AVENUE ROGE;;;;830
200800072566;8;12;15;900;2;2;1;1;6;191;5, JAURES RUE JEAN;;;;850
200800072609;8;12;7;951;1;2;1;1;7;85;26, VALIN (AVENUE DU GEN;;;;870
200800072635;8;12;24;1553;1;1;2;1;3;85;AEROPORT LIMOGES BELLEGA;;;;870
200800072641;8;12;31;1250;1;2;1;1;6;85;25, CASSEAUX (AVENUE DES;;;;870
200800072692;8;12;10;1911;5;2;2;1;3;223;02, GEOFFROY ST HILAIRE;;;;910
200800072718;8;12;23;1500;1;2;1;1;6;691;GABRIEL PERI(RUE) DU N°7;;;;910
200800072778;8;12;15;1130;1;2;2;1;6;4;103, MARNE   ( AVENUE DE;;;;920
200800072806;8;12;11;2045;5;2;1;1;7;25;5, VOLTAIRE (RUE);;;;920
200800072832;8;12;2;1210;1;2;9;1;3;36;0, HENRI BARBUSSE (RUE);;;;920
200800072875;8;12;1;830;2;2;1;1;6;49;202, DORMOY AVENUE MARX;;;;920
200800072892;8;12;1;1435;1;2;3;2;3;50;MARTIN HENRI AVENUE;;;;920
200800072924;8;12;19;1115;1;2;1;1;6;63;néant, HERVET (RUE);;;;920
200800072947;8;12;9;935;1;2;2;1;6;46;bld du Colonel Fabien;;;;920
200800072992;8;12;22;1850;5;2;3;2;3;8;24, ARAGO (RUE);;;;930
200800073009;8;12;18;930;1;2;1;8;6;57;JAURES (AV. JEAN) 76 A 1;;;;930
200800073027;8;12;4;1605;1;2;6;2;2;79;0, DIVISION LECLERC (AV);;;;930
200800073043;8;12;17;1535;1;2;2;2;3;47;30, GENERAL DE GAULLE (R;;;;930
200800073046;8;12;24;1210;1;2;3;1;6;45;76, PASTEUR AV.;;;;930
200800073065;8;12;3;830;1;2;2;2;1;48;PAUL VAILLANT COUTURIER;;;;930
200800073069;8;12;15;1145;1;2;2;1;3;48;1, SERGENT BOBILLOT (RUE;;;;930
200800073097;8;12;27;2015;3;2;1;1;5;55;21, OURCQ (QUAI DE L');;;;930
200800073153;8;12;26;1045;1;2;1;1;1;73;BOIS (AVENUE DU);;;;930
200800073164;8;12;7;1215;1;2;1;1;2;71;QUEUE EN BRIE (RTE DE LA;;;;940
200800073177;8;12;2;1450;1;2;3;1;3;44;34, VERDUN (AV DE);;;;940
200800073204;8;12;21;1720;2;2;2;1;3;11;0, LECLERC.(AVENUE DU MA;;;;940
200800073233;8;12;19;1700;5;2;3;1;3;21;JEAN MERMOZ (BD);;;;940
200800073235;8;12;23;1040;1;2;2;8;3;21;DES MARAICHERS (AVENUE);;;;940
200800073252;8;12;4;1945;5;2;3;2;1;52;NC, BELLE GABRIELLE (AV;;;;940
200800073268;8;12;18;1130;1;2;1;2;3;68;35, EDGAR QUINET (R);;;;940
200800073321;8;12;8;2005;5;2;1;1;6;252;GENERAL LECLERC (RUE DU);;;;950
200800073323;8;12;9;1740;1;2;6;8;7;203;VOLTAIRE (AVENUE);;;;950
200800073400;8;12;1;2015;5;2;1;8;6;383;151, AVENUE FELIX FAURE;;;;690
200800073410;8;12;12;920;1;2;1;1;3;386;32, RUE DUGUESCLIN;;;;690
200800073435;8;12;3;1020;1;2;1;2;6;17;BERNAU (R DE);;;;940
200800073455;8;12;1;845;1;2;3;8;3;110;23, BOULEVARD DE MAGENTA;;;;750
200800073459;8;12;1;1315;1;2;1;9;3;111;51, RUE DU FAUBOURG SAIN;;;;750
200800073483;8;12;7;720;5;2;2;1;3;105;BOULEVARD SAINT MICHEL;;;;750
200800073498;8;12;2;1830;5;2;3;2;3;103;RUE DE BRETAGNE;;;;750
200800073500;8;12;2;1750;5;2;2;1;6;106;RUE DE TOURNON;;;;750
200800073502;8;12;2;1255;1;2;1;1;3;108;100, RUE LA BOETIE;;;;750
200800073509;8;12;2;1315;2;2;2;1;6;112;8, RUE BIGNON;;;;750
200800073526;8;12;8;1415;1;2;2;1;3;104;50, RUE DE RIVOLI;;;;750
200800073527;8;12;8;1135;1;2;1;1;6;110;48, BOULEVARD DE STRASBO;;;;750
200800073540;8;12;8;1947;5;2;1;1;6;119;BOULEVARD DE LA VILLETTE;;;;750
200800073553;8;12;6;1220;1;2;3;1;3;114;32, RUE D ALESIA;;;;750
200800073554;8;12;6;1130;1;2;1;1;2;115;242, RUE DE VAUGIRARD;;;;750
200800073577;8;12;9;2255;5;2;2;1;3;112;BOULEVARD DIDEROT;;;;750
200800073595;8;12;9;750;2;2;1;1;3;117;7, RUE GUY MOQUET;;;;750
200800073604;8;12;10;2245;5;2;2;1;3;109;RUE LAFFITTE;;;;750
200800073605;8;12;10;2120;5;2;2;1;3;110;QUAI DE JEMMAPES;;;;750
200800073607;8;12;10;1420;1;2;1;1;6;111;11, RUE DU FAUBOURG SAIN;;;;750
200800073608;8;12;10;2330;5;2;2;1;3;111;13, PLACE DE LA NATION;;;;750
200800073622;8;12;10;5;5;2;1;9;7;119;PORTE DE PANTIN;;;;750
200800073628;8;12;11;1620;1;2;1;1;6;101;13, RUE DES PYRAMIDES;;;;750
200800073666;8;12;12;1232;1;2;3;1;2;120;343, RUE DES PYRENEES;;;;750
200800073705;8;12;14;1030;1;2;1;2;3;119;2, AVENUE JEAN JAURES;;;;750
200800073719;8;12;15;1500;1;2;1;8;7;112;ROUTE DAUPHINE;;;;750
200800073724;8;12;15;1225;1;2;1;1;3;114;19, RUE DU COMMANDANT RE;;;;750
200800073729;8;12;15;2155;5;2;2;2;3;117;2, PLACE DU MARECHAL JUI;;;;750
200800073754;8;12;3;1815;5;2;2;2;2;112;RUE DE PICPUS;;;;750
200800073770;8;12;16;1455;1;2;4;1;3;102;115, RUE REAUMUR;;;;750
200800073787;8;12;4;1725;2;2;1;2;3;102;11, RUE DU QUATRE SEPTEM;;;;750
200800073795;8;12;4;900;1;2;5;2;6;111;04, AVENUE PHILIPPE AUGU;;;;750
200800073799;8;12;4;838;1;2;1;2;6;112;202, AVENUE DAUMESNIL;;;;750
200800073826;8;12;5;1940;5;2;1;1;6;108;49, RUE PIERRE CHARRON;;;;750
200800073833;8;12;5;1600;1;2;3;2;7;112;10, AVENUE DAUMESNIL;;;;750
200800073883;8;12;20;1820;2;2;5;8;6;105;QUAI SAINT MICHEL;;;;750
200800073892;8;12;20;530;3;2;1;1;6;118;35, RUE DAMREMONT;;;;750
200800073896;8;12;21;1425;1;2;4;1;3;105;1, BOULEVARD DE L HOPITA;;;;750
200800073901;8;12;21;925;1;2;1;1;3;110;RUE DU CHATEAU LANDON;;;;750
200800073915;8;12;22;945;1;2;1;1;6;108;46, RUE DE LONDRES;;;;750
200800073917;8;12;22;1150;1;2;1;1;6;109;3, RUE DE CAUMARTIN;;;;750
200800073938;8;12;19;1520;1;2;2;1;6;106;79 bis, RUE DE VAUGIRARD;;;;750
200800073941;8;12;19;1210;1;2;5;1;3;108;AVENUE DE MARIGNY;;;;750
200800073943;8;12;19;1200;1;2;1;8;3;109;8, BOULEVARD HAUSSMANN;;;;750
200800073948;8;12;19;1550;1;2;3;1;3;111;172, RUE DE LA ROQUETTE;;;;750
200800073964;8;12;23;240;5;2;5;8;7;113;11, PLACE D ITALIE;;;;750
200800073985;8;12;24;840;1;2;1;1;6;111;183, RUE DU FAUBOURG SAI;;;;750
200800074010;8;12;26;1728;5;2;2;1;3;101;BOULEVARD DE SEBASTOPOL;;;;750
200800074053;8;12;28;1500;1;2;1;1;3;119;1, PLACE ARMAND CARREL;;;;750
200800074073;8;12;17;1630;1;2;5;2;3;104;03, PLACE DE LA BASTILLE;;;;750
200800074090;8;12;17;1410;1;2;1;2;3;112;11, RUE DE REUILLY;;;;750
200800074091;8;12;17;1435;1;2;1;2;2;112;122, RUE DU FAUBOURG SAI;;;;750
200800074141;8;12;31;1450;1;2;2;8;3;113;RUE NEUVE TOLBIAC;;;;750
200800074496;8;1;16;1245;1;1;1;1;3;217;;A;0.0;0.0;972
200800074503;8;1;17;1730;2;1;1;1;7;201;;A;0.0;0.0;972
200800074509;8;1;18;1700;1;1;1;1;1;131;route de marigot;A;0.0;0.0;971
200800074511;8;1;10;900;1;1;1;1;3;115;;A;0.0;0.0;971
200800074513;8;1;6;730;1;2;1;1;1;129;Viard;A;0.0;0.0;971
200800074523;8;1;1;1630;1;1;1;8;2;305;;G;0.0;0.0;973
200800074524;8;1;6;945;1;1;1;8;5;305;;G;0.0;0.0;973
200800074526;8;1;12;1500;1;1;1;1;3;306;;G;0.0;0.0;973
200800074530;8;1;5;1915;2;1;1;1;1;410;;R;0.0;0.0;974
200800074536;8;1;23;1345;1;2;1;1;1;422;133 rue DACHERY;R;0.0;0.0;974
200800074590;8;1;12;2035;4;1;1;1;1;209;0, GEORGES GRATIANT (AVE;;;;972
200800074602;8;1;26;1915;5;2;1;1;6;209;0, ROUTOUTOU (RUE DU);;;;972
200800074607;8;1;30;1013;1;1;1;1;6;209;0, JAMBETTE (ROUTE DE);;;;972
200800074616;8;1;13;1740;1;1;1;1;3;213;ROUTE NATIONALE 5;;;;972
200800074622;8;1;25;1715;1;2;1;1;1;213;BOIS CARRE (RUE DU);;;;972
200800074624;8;1;29;715;1;2;1;1;1;213;ROUTE DEPARTEMENTALE 14;;;;972
200800074627;8;1;1;1605;1;2;1;1;1;302;1240, MONTABO (ROUTE DE);;;;973
200800074628;8;1;5;1840;2;2;1;1;6;302;328, CABASSOU (ROUTE DE);;;;973
200800074632;8;1;10;822;1;1;1;2;3;302;EBOUE (ROCADE FELIX);;;;973
200800074646;8;1;23;1010;1;2;2;1;3;302;26, BRASSE (LIEUTENANT);;;;973
200800074654;8;1;28;1751;1;2;3;1;6;302;42, FELIX EBOUE(ROCADE);;;;973
200800074655;8;1;29;1735;1;2;1;1;2;302;55, CESAIRE (CITE);;;;973
200800074656;8;1;29;1520;1;2;1;1;3;302;3261, BADUEL (ROUTE DE);;;;973
200800074661;8;1;31;1550;1;2;1;1;3;302;MIRZA (CITE);;;;973
200800074663;8;1;3;1230;1;2;3;1;3;407;1, HERACLITE(ALLEE);;;;974
200800074670;8;1;24;955;1;2;6;1;3;407;ROND POINT TITAN;;;;974
200800074673;8;1;31;1815;2;2;1;2;3;407;ELUARD(RUE);;;;974
200800074680;8;1;6;1540;1;2;3;1;3;411;51, LATTRE DE TASSIGNY (;;;;974
200800074697;8;1;13;815;1;1;1;1;3;411;MONTAGNE (ROUTE DE LA);;;;974
200800074702;8;1;19;1035;1;2;6;1;7;416;SANS, HUBERT DE LISLE(BO;;;;974
200800074760;8;2;3;1;3;1;1;2;1;307;;G;0.0;0.0;973
200800074806;8;2;10;1030;1;1;1;1;2;103;;A;0.0;0.0;971
200800074811;8;2;5;1945;5;2;1;2;3;304;rue attachi bakka;G;0.0;0.0;973
200800074826;8;2;29;900;1;1;1;1;1;404;;R;0.0;0.0;974
200800074884;8;2;23;1940;3;1;1;1;1;213;ROUTE DEPARTEMENTALE 15;;;;972
200800074890;8;2;1;1615;1;2;1;1;6;302;700, BADUEL (ROUTE DE);;;;973
200800074896;8;2;16;2054;5;1;1;1;3;302;9716, MADELEINE (ROUTE D;;;;973
200800074902;8;2;26;735;1;2;1;1;6;302;2813, MONTABO (ROUTE DE);;;;973
200800074903;8;2;27;708;1;2;3;1;6;302;TIGRE (ROUTE DU);;;;973
200800074909;8;2;28;1330;1;1;1;1;3;302;30, BADUEL (ROUTE DE);;;;973
200800074936;8;2;27;1735;1;2;1;2;2;411;2, TOPAZES(ALLEE DES);;;;974
200800075025;8;3;5;1300;1;2;1;1;6;302;645, MADELEINE (ROUTE DE;;;;973
200800075028;8;3;14;1420;1;1;1;1;6;302;36, BADUEL (ROUTE DE);;;;973
200800075032;8;3;12;1920;4;1;1;1;6;302;SUZINI (CARREFOUR);;;;973
200800075037;8;3;14;1243;1;2;1;1;3;302;631, BADUEL (ROUTE DE);;;;973
200800075038;8;3;22;1650;1;2;1;1;6;302;19, GALMOT (AVENUE);;;;973
200800075042;8;3;30;1815;1;2;3;1;2;302;155, GRANT (CITE);;;;973
200800075043;8;3;8;845;1;2;1;1;2;407;47, RUE JACQUES DUCLOS;;;;974
200800075046;8;3;18;1700;1;2;6;1;3;407;ROND POINT BUTTE CITRONN;;;;974
200800075117;8;3;16;915;1;2;1;1;6;118;rue victor hugues;A;0.0;0.0;971
200800075131;8;3;30;1945;3;1;1;1;2;306;;G;0.0;0.0;973
200800075195;8;3;23;1630;1;2;1;1;1;416;rue des coriandres;R;0.0;0.0;974
200800075265;8;4;16;1415;1;1;1;1;1;410;;R;0.0;0.0;974
200800075267;8;4;14;1245;1;1;1;1;1;420;;R;0.0;0.0;974
200800075294;8;4;28;1630;1;1;1;1;1;114;;A;0.0;0.0;971
200800075295;8;4;29;1915;5;1;1;1;1;107;;A;0.0;0.0;971
200800075296;8;4;25;1800;1;1;1;1;1;107;;A;0.0;0.0;971
200800075298;8;4;6;1015;1;2;1;1;1;109;Avenue Louis Philippe;A;0.0;0.0;971
200800075300;8;4;30;1445;1;2;1;1;1;132;rte La Plaine, Schelcher;A;0.0;0.0;971
200800075312;8;4;23;1900;5;1;1;1;1;229;;A;0.0;0.0;972
200800075336;8;4;23;645;2;2;8;1;6;411;1, BRASSENS (AVENUE GEOR;;;;974
200800075344;8;4;20;1630;1;1;1;1;1;411;1, DIGUE (ROUTE);;;;974
200800075350;8;4;4;510;5;1;1;2;3;113;RN4, RN4 - SECTION RIVIE;;;;971
200800075384;8;4;30;820;1;2;1;1;6;209;.0, FONTAINE DIDIER (RUE;;;;972
200800075405;8;4;11;1900;5;1;1;1;1;302;HORTH (CITE);;;;973
200800075423;8;4;16;1425;1;2;1;1;3;407;23, RUE JACQUES DUCLOS;;;;974
200800075484;8;3;8;1410;1;2;1;1;2;411;1, MOULIN (RUE JEAN);;;;974
200800075493;8;3;12;1515;1;2;3;1;3;411;1, BAMBOUS (ROUTE DES);;;;974
200800075503;8;3;30;1520;1;2;1;1;1;411;1, DESBASSYNS (CHEMIN);;;;974
200800075505;8;3;27;1240;1;2;1;1;6;411;58, LECONTE DE LISLE (RU;;;;974
200800075519;8;5;25;845;1;2;1;1;1;231;rd7, station service;A;0.0;0.0;972
200800075537;8;5;13;1630;1;1;1;1;1;112;;A;0.0;0.0;971
200800075541;8;5;10;2030;5;2;1;1;1;312;RUE DAMERETTE;G;0.0;0.0;973
200800075553;8;5;18;1430;1;1;1;1;1;405;;R;0.0;0.0;974
200800075617;8;5;19;1535;1;1;1;1;3;101;00, LE RAIZET(SECTEUR);;;;971
200800075630;8;5;5;2245;5;2;1;1;6;209;112, MAURICE BISHOP (RUE;;;;972
200800075657;8;5;22;2037;3;1;1;1;6;213;ROUTE DEPARTEMENTALE 15;;;;972
200800075666;8;5;5;654;2;2;2;1;2;302;1816, EBOUE (ROCADE FELI;;;;973
200800075699;8;5;6;1300;1;2;1;1;6;411;1, LITTORAL (ROUTE 1 DU);;;;974
200800075763;8;6;5;2030;3;1;2;1;1;106;;A;0.0;0.0;971
200800075768;8;6;27;1100;1;1;1;1;1;114;;A;0.0;0.0;971
200800075793;8;6;21;1015;1;2;1;1;1;418;Double Dix/ Rue A LARDY;R;0.0;0.0;974
200800075802;8;6;3;1645;1;1;1;1;1;422;;R;0.0;0.0;974
200800075842;8;6;3;1545;1;2;1;1;5;304;AVENUE DE PARIACABO;G;0.0;0.0;973
200800075902;8;6;20;1920;3;1;1;1;6;213;MORNE PITAULT (ROUTE DE);;;;972
200800075906;8;6;2;1650;1;2;1;1;3;302;45, BARRAT (DU DOCTEUR);;;;973
200800075909;8;6;9;800;1;2;2;1;3;302;93, LIBERTE (AVENUE DE L;;;;973
200800075913;8;6;12;1816;1;2;2;1;6;302;18, REPUBLIQUE (BD DE LA;;;;973
200800075916;8;6;17;1813;2;2;1;1;6;302;2458, MONTABO (ROUTE DE);;;;973
200800075921;8;6;27;1710;1;1;3;1;3;302;TROUBIRAN (CHEMIN DE);;;;973
200800076042;8;7;16;1830;5;1;1;1;1;222;;A;0.0;0.0;972
200800076046;8;7;8;1430;1;1;1;1;1;107;;A;0.0;0.0;971
200800076047;8;7;6;1000;1;1;1;1;1;107;;A;0.0;0.0;971
200800076062;8;7;12;630;1;1;1;7;5;117;;A;0.0;0.0;971
200800076076;8;7;13;1015;1;1;1;1;1;303;;G;0.0;0.0;973
200800076087;8;7;31;1630;1;2;1;1;1;403;Bras long - Macaire;R;0.0;0.0;974
200800076090;8;7;9;1545;1;2;1;1;1;422;Rue Epidor Hoarau;R;0.0;0.0;974
200800076157;8;7;18;1830;1;1;1;1;6;101;00, CHAUFFOUR;;;;971
200800076185;8;7;13;1645;1;1;1;1;6;213;ROUTE NATIONALE 6;;;;972
200800076200;8;7;6;115;5;2;1;1;3;302;2692, MONTABO (ROUTE DE);;;;973
200800076243;8;7;10;1300;1;2;1;1;4;411;agl marce, DOMENJOD (ROU;;;;974
200800076245;8;7;19;630;1;2;3;1;2;411;4, LECLERC (DU MARECHAL);;;;974
200800076249;8;7;24;1901;5;2;3;1;3;411;1, FOUCQUE (AVENUE HIPPO;;;;974
200800076253;8;7;30;1600;1;2;1;1;1;411;1, BOIS DE NEFLES (ROUTE;;;;974
200800076255;8;7;31;1220;1;2;1;1;2;411;38, BRASSENS (AVENUE GEO;;;;974
200800076268;8;7;25;1330;1;2;1;1;2;416;SANS, PRESBYTERE(RUE);;;;974
200800076318;8;8;18;545;2;1;1;1;6;231;;A;0.0;0.0;972
200800076351;8;8;19;1930;5;2;1;1;6;311;Avenue de la marne;G;0.0;0.0;973
200800076426;8;8;25;1725;1;2;1;1;3;407;POLITZER(AVENUE);;;;974
200800076449;8;8;30;1750;2;2;1;1;1;411;1, PITON (CHEMIN DU);;;;974
200800076450;8;8;1;1630;1;2;3;1;1;414;SANS, LECOMTE DE LISLE(R;;;;974
200800076459;8;8;30;1730;1;2;1;1;6;414;SANS, SAINT LOUIS(RUE);;;;974
200800076488;8;8;11;1845;5;2;1;1;6;113;GENERAL DE GAULLE (AVENU;;;;971
200800076499;8;8;30;2326;5;2;1;1;3;101;00, RUE JEAN  IGNACE;;;;971
200800076513;8;8;27;1136;1;2;1;1;7;209;0, BRIANT (ENTREE DE);;;;972
200800076556;8;8;25;1151;1;2;3;1;3;302;9, DERBES (GEORGES);;;;973
200800076578;8;9;19;1445;1;1;1;1;3;128;;A;0.0;0.0;971
200800076595;8;9;1;1715;1;1;1;1;1;405;;R;0.0;0.0;974
200800076641;8;9;19;1230;1;2;1;2;3;105;CHARLES DE GAULLE (BD DU;;;;971
200800076690;8;9;2;1655;1;2;3;1;3;302;MONTABO (ROUTE DE) 3;;;;973
200800076703;8;9;17;600;2;1;6;1;3;302;MARINGOUINS (ROND-POINT);;;;973
200800076704;8;9;20;1247;1;2;1;1;2;302;24, REPUBLIQUE (BD DE LA;;;;973
200800076705;8;9;22;2015;5;2;3;1;3;302;1, BOULEVARD DES CITES;;;;973
200800076707;8;9;20;956;1;2;1;1;3;302;MADELEINE (ROUTE DE LA);;;;973
200800076710;8;9;25;1720;1;2;3;1;3;302;130, BADUEL (ROUTE DE);;;;973
200800076713;8;9;5;1750;1;2;3;1;3;407;GUYANE(RUE);;;;974
200800076714;8;9;9;2130;3;2;1;1;7;407;RUE JACQUES DUCLOS;;;;974
200800076723;8;9;6;1210;1;2;3;1;3;409;ROCADE SUD(RUE);;;;974
200800076738;8;9;15;1915;5;2;1;1;3;411;13, GIBERT DES MOLIERES;;;;974
200800076798;8;10;5;830;3;2;1;1;1;205;RN2 CHOISEUL;A;0.0;0.0;972
200800076802;8;10;1;1745;2;1;1;1;1;232;;A;0.0;0.0;972
200800076885;8;10;16;1300;1;1;2;1;3;309;;G;0.0;0.0;973
200800076896;8;10;29;1630;1;1;1;1;3;498;;R;0.0;0.0;974
200800076908;8;10;10;750;1;2;1;1;1;105;PAUL LACAVE (AVENUE );;;;971
200800076910;8;10;4;1321;1;2;7;1;1;107;000, ANCIENNE MAZURE ( A;;;;971
200800076975;8;10;10;705;1;2;3;1;3;302;1, ABOLITION DE L'ESCLAV;;;;973
200800076977;8;10;14;1439;1;1;6;1;3;302;MARINGOUINS (ROND-POINT);;;;973
200800076980;8;10;16;715;1;2;1;1;3;302;BADUEL (ROUTE DE);;;;973
200800076987;8;10;30;1245;1;2;1;1;3;302;3667, MONTABO (ROUTE DE);;;;973
200800076994;8;10;22;1650;1;2;6;1;3;407;ROND POINT SACRE COEUR;;;;974
200800077027;8;10;21;2000;5;2;2;1;1;416;117, LEBLOND(RUE M. ET A;;;;974
200800077076;8;11;8;1215;1;2;1;1;6;225;rue Victor HUGO;A;0.0;0.0;972
200800077092;8;11;11;845;1;1;1;1;5;125;;A;0.0;0.0;971
200800077093;8;11;11;1815;3;1;1;1;6;125;;A;0.0;0.0;971
200800077105;8;11;24;1945;3;2;1;1;2;418;ancienne RN2;R;0.0;0.0;974
200800077155;8;11;17;800;1;2;1;1;3;309;route de Montjoly;G;0.0;0.0;973
200800077170;8;11;5;1745;5;2;1;1;3;107;1, PAUL LACAVE ( AVENUE;;;;971
200800077177;8;11;10;2235;3;2;1;1;3;101;PETIT PEROU;;;;971
200800077223;8;11;5;643;1;2;4;1;3;302;MONTABO (ROUTE DE) 2;;;;973
200800077225;8;11;9;1743;1;2;3;1;3;302;03, ABOLITION DE L'ESCLA;;;;973
200800077231;8;11;7;2031;5;1;1;1;3;302;3034, MONTABO (ROUTE DE);;;;973
200800077250;8;11;8;1345;1;2;1;1;3;409;792, ILE DE FRANCE(AVENU;;;;974
200800077256;8;11;9;700;1;2;1;1;6;411;, LITTORAL (ROUTE 1 DU);;;;974
200800077263;8;11;21;1340;1;2;1;1;2;411;27, PASTEUR (RUE);;;;974
200800077272;8;11;25;45;5;2;1;1;6;416;sans, VIGOUREUX(RUE VICT;;;;974
200800077276;8;11;25;1715;1;2;1;1;7;407;HUGO (RUE);;;;974
200800077338;8;12;21;930;1;1;1;1;5;307;;G;0.0;0.0;973
200800077350;8;12;14;1030;1;1;1;1;1;420;;R;0.0;0.0;974
200800077352;8;12;3;1630;1;1;1;1;1;410;;R;0.0;0.0;974
200800077363;8;12;14;800;1;1;1;1;3;468;;R;0.0;0.0;974
200800077418;8;12;3;2100;5;2;1;1;1;415;Rue P et J Besnard;R;0.0;0.0;974
200800077421;8;12;21;1455;1;2;1;1;1;107;CAYENNE ( RUE DE );;;;971
200800077440;8;12;29;1030;1;1;1;1;3;120;RN1, Secteur Pont de la;;;;971
200800077497;8;12;27;2330;5;2;1;3;1;302;237, MANGO (ROUTE);;;;973
200800077502;8;12;24;1826;1;2;3;3;3;302;1457, MADELEINE (ROUTE D;;;;973
200800077510;8;12;9;1734;1;1;3;1;6;302;SAINT MARTIN (CHEMIN);;;;973
200800077520;8;12;15;826;1;1;3;1;3;302;127, TIGRE (ROUTE DU);;;;973
200800077528;8;12;2;1835;5;2;1;1;6;407;ROMERO(AVENUE);;;;974
200800077541;8;12;23;1550;1;1;1;2;2;409;RTE DE DEVIATION STA1;;;;974
200800077558;8;12;19;1745;1;2;1;1;1;411;23, ILET A QUINQUINA (CH;;;;974